step,strategy,forecast_requests,target_instances,incoming_requests,processed_requests,throughput,queue_length,active_instances,total_capacity,estimated_latency_ms,estimated_p95_latency_ms,infrastructure_cost,sla_violations
0,Static,,3,112,112,1.8666666666666667,0,3,300,50.0,75.0,0.05,0
1,Static,,3,98,98,1.6333333333333333,0,3,300,50.0,75.0,0.05,0
2,Static,,3,117,117,1.95,0,3,300,50.0,75.0,0.05,0
3,Static,,3,119,119,1.9833333333333334,0,3,300,50.0,75.0,0.05,0
4,Static,,3,90,90,1.5,0,3,300,50.0,75.0,0.05,0
5,Static,,3,97,97,1.6166666666666667,0,3,300,50.0,75.0,0.05,0
6,Static,,3,111,111,1.85,0,3,300,50.0,75.0,0.05,0
7,Static,,3,107,107,1.7833333333333334,0,3,300,50.0,75.0,0.05,0
8,Static,,3,110,110,1.8333333333333333,0,3,300,50.0,75.0,0.05,0
9,Static,,3,102,102,1.7,0,3,300,50.0,75.0,0.05,0
10,Static,,3,119,119,1.9833333333333334,0,3,300,50.0,75.0,0.05,0
11,Static,,3,118,118,1.9666666666666666,0,3,300,50.0,75.0,0.05,0
12,Static,,3,111,111,1.85,0,3,300,50.0,75.0,0.05,0
13,Static,,3,122,122,2.033333333333333,0,3,300,50.0,75.0,0.05,0
14,Static,,3,116,116,1.9333333333333333,0,3,300,50.0,75.0,0.05,0
15,Static,,3,103,103,1.7166666666666666,0,3,300,50.0,75.0,0.05,0
16,Static,,3,115,115,1.9166666666666667,0,3,300,50.0,75.0,0.05,0
17,Static,,3,102,102,1.7,0,3,300,50.0,75.0,0.05,0
18,Static,,3,121,121,2.0166666666666666,0,3,300,50.0,75.0,0.05,0
19,Static,,3,111,111,1.85,0,3,300,50.0,75.0,0.05,0
20,Static,,3,110,110,1.8333333333333333,0,3,300,50.0,75.0,0.05,0
21,Static,,3,106,106,1.7666666666666666,0,3,300,50.0,75.0,0.05,0
22,Static,,3,125,125,2.0833333333333335,0,3,300,50.0,75.0,0.05,0
23,Static,,3,111,111,1.85,0,3,300,50.0,75.0,0.05,0
24,Static,,3,109,109,1.8166666666666667,0,3,300,50.0,75.0,0.05,0
25,Static,,3,110,110,1.8333333333333333,0,3,300,50.0,75.0,0.05,0
26,Static,,3,119,119,1.9833333333333334,0,3,300,50.0,75.0,0.05,0
27,Static,,3,117,117,1.95,0,3,300,50.0,75.0,0.05,0
28,Static,,3,118,118,1.9666666666666666,0,3,300,50.0,75.0,0.05,0
29,Static,,3,118,118,1.9666666666666666,0,3,300,50.0,75.0,0.05,0
30,Static,,3,135,135,2.25,0,3,300,50.0,75.0,0.05,0
31,Static,,3,110,110,1.8333333333333333,0,3,300,50.0,75.0,0.05,0
32,Static,,3,109,109,1.8166666666666667,0,3,300,50.0,75.0,0.05,0
33,Static,,3,106,106,1.7666666666666666,0,3,300,50.0,75.0,0.05,0
34,Static,,3,121,121,2.0166666666666666,0,3,300,50.0,75.0,0.05,0
35,Static,,3,126,126,2.1,0,3,300,50.0,75.0,0.05,0
36,Static,,3,114,114,1.9,0,3,300,50.0,75.0,0.05,0
37,Static,,3,107,107,1.7833333333333334,0,3,300,50.0,75.0,0.05,0
38,Static,,3,107,107,1.7833333333333334,0,3,300,50.0,75.0,0.05,0
39,Static,,3,122,122,2.033333333333333,0,3,300,50.0,75.0,0.05,0
40,Static,,3,123,123,2.05,0,3,300,50.0,75.0,0.05,0
41,Static,,3,121,121,2.0166666666666666,0,3,300,50.0,75.0,0.05,0
42,Static,,3,109,109,1.8166666666666667,0,3,300,50.0,75.0,0.05,0
43,Static,,3,118,118,1.9666666666666666,0,3,300,50.0,75.0,0.05,0
44,Static,,3,117,117,1.95,0,3,300,50.0,75.0,0.05,0
45,Static,,3,119,119,1.9833333333333334,0,3,300,50.0,75.0,0.05,0
46,Static,,3,125,125,2.0833333333333335,0,3,300,50.0,75.0,0.05,0
47,Static,,3,119,119,1.9833333333333334,0,3,300,50.0,75.0,0.05,0
48,Static,,3,124,124,2.066666666666667,0,3,300,50.0,75.0,0.05,0
49,Static,,3,118,118,1.9666666666666666,0,3,300,50.0,75.0,0.05,0
50,Static,,3,120,120,2.0,0,3,300,50.0,75.0,0.05,0
51,Static,,3,124,124,2.066666666666667,0,3,300,50.0,75.0,0.05,0
52,Static,,3,103,103,1.7166666666666666,0,3,300,50.0,75.0,0.05,0
53,Static,,3,115,115,1.9166666666666667,0,3,300,50.0,75.0,0.05,0
54,Static,,3,113,113,1.8833333333333333,0,3,300,50.0,75.0,0.05,0
55,Static,,3,112,112,1.8666666666666667,0,3,300,50.0,75.0,0.05,0
56,Static,,3,116,116,1.9333333333333333,0,3,300,50.0,75.0,0.05,0
57,Static,,3,133,133,2.216666666666667,0,3,300,50.0,75.0,0.05,0
58,Static,,3,110,110,1.8333333333333333,0,3,300,50.0,75.0,0.05,0
59,Static,,3,129,129,2.15,0,3,300,50.0,75.0,0.05,0
60,Static,,3,102,102,1.7,0,3,300,50.0,75.0,0.05,0
61,Static,,3,115,115,1.9166666666666667,0,3,300,50.0,75.0,0.05,0
62,Static,,3,120,120,2.0,0,3,300,50.0,75.0,0.05,0
63,Static,,3,125,125,2.0833333333333335,0,3,300,50.0,75.0,0.05,0
64,Static,,3,126,126,2.1,0,3,300,50.0,75.0,0.05,0
65,Static,,3,127,127,2.1166666666666667,0,3,300,50.0,75.0,0.05,0
66,Static,,3,116,116,1.9333333333333333,0,3,300,50.0,75.0,0.05,0
67,Static,,3,115,115,1.9166666666666667,0,3,300,50.0,75.0,0.05,0
68,Static,,3,128,128,2.1333333333333333,0,3,300,50.0,75.0,0.05,0
69,Static,,3,118,118,1.9666666666666666,0,3,300,50.0,75.0,0.05,0
70,Static,,3,107,107,1.7833333333333334,0,3,300,50.0,75.0,0.05,0
71,Static,,3,109,109,1.8166666666666667,0,3,300,50.0,75.0,0.05,0
72,Static,,3,111,111,1.85,0,3,300,50.0,75.0,0.05,0
73,Static,,3,125,125,2.0833333333333335,0,3,300,50.0,75.0,0.05,0
74,Static,,3,122,122,2.033333333333333,0,3,300,50.0,75.0,0.05,0
75,Static,,3,128,128,2.1333333333333333,0,3,300,50.0,75.0,0.05,0
76,Static,,3,117,117,1.95,0,3,300,50.0,75.0,0.05,0
77,Static,,3,123,123,2.05,0,3,300,50.0,75.0,0.05,0
78,Static,,3,128,128,2.1333333333333333,0,3,300,50.0,75.0,0.05,0
79,Static,,3,118,118,1.9666666666666666,0,3,300,50.0,75.0,0.05,0
80,Static,,3,126,126,2.1,0,3,300,50.0,75.0,0.05,0
81,Static,,3,115,115,1.9166666666666667,0,3,300,50.0,75.0,0.05,0
82,Static,,3,118,118,1.9666666666666666,0,3,300,50.0,75.0,0.05,0
83,Static,,3,118,118,1.9666666666666666,0,3,300,50.0,75.0,0.05,0
84,Static,,3,110,110,1.8333333333333333,0,3,300,50.0,75.0,0.05,0
85,Static,,3,127,127,2.1166666666666667,0,3,300,50.0,75.0,0.05,0
86,Static,,3,118,118,1.9666666666666666,0,3,300,50.0,75.0,0.05,0
87,Static,,3,123,123,2.05,0,3,300,50.0,75.0,0.05,0
88,Static,,3,128,128,2.1333333333333333,0,3,300,50.0,75.0,0.05,0
89,Static,,3,128,128,2.1333333333333333,0,3,300,50.0,75.0,0.05,0
90,Static,,3,130,130,2.1666666666666665,0,3,300,50.0,75.0,0.05,0
91,Static,,3,122,122,2.033333333333333,0,3,300,50.0,75.0,0.05,0
92,Static,,3,119,119,1.9833333333333334,0,3,300,50.0,75.0,0.05,0
93,Static,,3,123,123,2.05,0,3,300,50.0,75.0,0.05,0
94,Static,,3,107,107,1.7833333333333334,0,3,300,50.0,75.0,0.05,0
95,Static,,3,110,110,1.8333333333333333,0,3,300,50.0,75.0,0.05,0
96,Static,,3,111,111,1.85,0,3,300,50.0,75.0,0.05,0
97,Static,,3,114,114,1.9,0,3,300,50.0,75.0,0.05,0
98,Static,,3,129,129,2.15,0,3,300,50.0,75.0,0.05,0
99,Static,,3,116,116,1.9333333333333333,0,3,300,50.0,75.0,0.05,0
100,Static,,3,121,121,2.0166666666666666,0,3,300,50.0,75.0,0.05,0
101,Static,,3,138,138,2.3,0,3,300,50.0,75.0,0.05,0
102,Static,,3,122,122,2.033333333333333,0,3,300,50.0,75.0,0.05,0
103,Static,,3,133,133,2.216666666666667,0,3,300,50.0,75.0,0.05,0
104,Static,,3,116,116,1.9333333333333333,0,3,300,50.0,75.0,0.05,0
105,Static,,3,124,124,2.066666666666667,0,3,300,50.0,75.0,0.05,0
106,Static,,3,116,116,1.9333333333333333,0,3,300,50.0,75.0,0.05,0
107,Static,,3,123,123,2.05,0,3,300,50.0,75.0,0.05,0
108,Static,,3,135,135,2.25,0,3,300,50.0,75.0,0.05,0
109,Static,,3,109,109,1.8166666666666667,0,3,300,50.0,75.0,0.05,0
110,Static,,3,131,131,2.183333333333333,0,3,300,50.0,75.0,0.05,0
111,Static,,3,129,129,2.15,0,3,300,50.0,75.0,0.05,0
112,Static,,3,121,121,2.0166666666666666,0,3,300,50.0,75.0,0.05,0
113,Static,,3,112,112,1.8666666666666667,0,3,300,50.0,75.0,0.05,0
114,Static,,3,128,128,2.1333333333333333,0,3,300,50.0,75.0,0.05,0
115,Static,,3,122,122,2.033333333333333,0,3,300,50.0,75.0,0.05,0
116,Static,,3,130,130,2.1666666666666665,0,3,300,50.0,75.0,0.05,0
117,Static,,3,128,128,2.1333333333333333,0,3,300,50.0,75.0,0.05,0
118,Static,,3,144,144,2.4,0,3,300,50.0,75.0,0.05,0
119,Static,,3,125,125,2.0833333333333335,0,3,300,50.0,75.0,0.05,0
120,Static,,3,117,117,1.95,0,3,300,50.0,75.0,0.05,0
121,Static,,3,129,129,2.15,0,3,300,50.0,75.0,0.05,0
122,Static,,3,130,130,2.1666666666666665,0,3,300,50.0,75.0,0.05,0
123,Static,,3,141,141,2.35,0,3,300,50.0,75.0,0.05,0
124,Static,,3,136,136,2.2666666666666666,0,3,300,50.0,75.0,0.05,0
125,Static,,3,132,132,2.2,0,3,300,50.0,75.0,0.05,0
126,Static,,3,143,143,2.3833333333333333,0,3,300,50.0,75.0,0.05,0
127,Static,,3,116,116,1.9333333333333333,0,3,300,50.0,75.0,0.05,0
128,Static,,3,122,122,2.033333333333333,0,3,300,50.0,75.0,0.05,0
129,Static,,3,119,119,1.9833333333333334,0,3,300,50.0,75.0,0.05,0
130,Static,,3,125,125,2.0833333333333335,0,3,300,50.0,75.0,0.05,0
131,Static,,3,115,115,1.9166666666666667,0,3,300,50.0,75.0,0.05,0
132,Static,,3,135,135,2.25,0,3,300,50.0,75.0,0.05,0
133,Static,,3,127,127,2.1166666666666667,0,3,300,50.0,75.0,0.05,0
134,Static,,3,115,115,1.9166666666666667,0,3,300,50.0,75.0,0.05,0
135,Static,,3,119,119,1.9833333333333334,0,3,300,50.0,75.0,0.05,0
136,Static,,3,275,275,4.583333333333333,0,3,300,50.0,75.0,0.05,0
137,Static,,3,138,138,2.3,0,3,300,50.0,75.0,0.05,0
138,Static,,3,150,150,2.5,0,3,300,50.0,75.0,0.05,0
139,Static,,3,159,159,2.65,0,3,300,50.0,75.0,0.05,0
140,Static,,3,134,134,2.2333333333333334,0,3,300,50.0,75.0,0.05,0
141,Static,,3,120,120,2.0,0,3,300,50.0,75.0,0.05,0
142,Static,,3,109,109,1.8166666666666667,0,3,300,50.0,75.0,0.05,0
143,Static,,3,133,133,2.216666666666667,0,3,300,50.0,75.0,0.05,0
144,Static,,3,123,123,2.05,0,3,300,50.0,75.0,0.05,0
145,Static,,3,127,127,2.1166666666666667,0,3,300,50.0,75.0,0.05,0
146,Static,,3,125,125,2.0833333333333335,0,3,300,50.0,75.0,0.05,0
147,Static,,3,130,130,2.1666666666666665,0,3,300,50.0,75.0,0.05,0
148,Static,,3,142,142,2.3666666666666667,0,3,300,50.0,75.0,0.05,0
149,Static,,3,133,133,2.216666666666667,0,3,300,50.0,75.0,0.05,0
150,Static,,3,130,130,2.1666666666666665,0,3,300,50.0,75.0,0.05,0
151,Static,,3,121,121,2.0166666666666666,0,3,300,50.0,75.0,0.05,0
152,Static,,3,115,115,1.9166666666666667,0,3,300,50.0,75.0,0.05,0
153,Static,,3,127,127,2.1166666666666667,0,3,300,50.0,75.0,0.05,0
154,Static,,3,132,132,2.2,0,3,300,50.0,75.0,0.05,0
155,Static,,3,150,150,2.5,0,3,300,50.0,75.0,0.05,0
156,Static,,3,134,134,2.2333333333333334,0,3,300,50.0,75.0,0.05,0
157,Static,,3,142,142,2.3666666666666667,0,3,300,50.0,75.0,0.05,0
158,Static,,3,128,128,2.1333333333333333,0,3,300,50.0,75.0,0.05,0
159,Static,,3,121,121,2.0166666666666666,0,3,300,50.0,75.0,0.05,0
160,Static,,3,123,123,2.05,0,3,300,50.0,75.0,0.05,0
161,Static,,3,126,126,2.1,0,3,300,50.0,75.0,0.05,0
162,Static,,3,155,155,2.5833333333333335,0,3,300,50.0,75.0,0.05,0
163,Static,,3,125,125,2.0833333333333335,0,3,300,50.0,75.0,0.05,0
164,Static,,3,142,142,2.3666666666666667,0,3,300,50.0,75.0,0.05,0
165,Static,,3,125,125,2.0833333333333335,0,3,300,50.0,75.0,0.05,0
166,Static,,3,143,143,2.3833333333333333,0,3,300,50.0,75.0,0.05,0
167,Static,,3,138,138,2.3,0,3,300,50.0,75.0,0.05,0
168,Static,,3,133,133,2.216666666666667,0,3,300,50.0,75.0,0.05,0
169,Static,,3,134,134,2.2333333333333334,0,3,300,50.0,75.0,0.05,0
170,Static,,3,128,128,2.1333333333333333,0,3,300,50.0,75.0,0.05,0
171,Static,,3,139,139,2.316666666666667,0,3,300,50.0,75.0,0.05,0
172,Static,,3,130,130,2.1666666666666665,0,3,300,50.0,75.0,0.05,0
173,Static,,3,122,122,2.033333333333333,0,3,300,50.0,75.0,0.05,0
174,Static,,3,122,122,2.033333333333333,0,3,300,50.0,75.0,0.05,0
175,Static,,3,137,137,2.283333333333333,0,3,300,50.0,75.0,0.05,0
176,Static,,3,151,151,2.5166666666666666,0,3,300,50.0,75.0,0.05,0
177,Static,,3,137,137,2.283333333333333,0,3,300,50.0,75.0,0.05,0
178,Static,,3,134,134,2.2333333333333334,0,3,300,50.0,75.0,0.05,0
179,Static,,3,138,138,2.3,0,3,300,50.0,75.0,0.05,0
180,Static,,3,148,148,2.466666666666667,0,3,300,50.0,75.0,0.05,0
181,Static,,3,137,137,2.283333333333333,0,3,300,50.0,75.0,0.05,0
182,Static,,3,131,131,2.183333333333333,0,3,300,50.0,75.0,0.05,0
183,Static,,3,146,146,2.433333333333333,0,3,300,50.0,75.0,0.05,0
184,Static,,3,140,140,2.3333333333333335,0,3,300,50.0,75.0,0.05,0
185,Static,,3,151,151,2.5166666666666666,0,3,300,50.0,75.0,0.05,0
186,Static,,3,137,137,2.283333333333333,0,3,300,50.0,75.0,0.05,0
187,Static,,3,123,123,2.05,0,3,300,50.0,75.0,0.05,0
188,Static,,3,122,122,2.033333333333333,0,3,300,50.0,75.0,0.05,0
189,Static,,3,152,152,2.533333333333333,0,3,300,50.0,75.0,0.05,0
190,Static,,3,153,153,2.55,0,3,300,50.0,75.0,0.05,0
191,Static,,3,134,134,2.2333333333333334,0,3,300,50.0,75.0,0.05,0
192,Static,,3,332,300,5.0,32,3,300,71.33333333333333,128.33333333333334,0.05,0
193,Static,,3,351,300,5.0,83,3,300,105.33333333333334,213.33333333333334,0.05,0
194,Static,,3,325,300,5.0,108,3,300,122.0,255.0,0.05,0
195,Static,,3,328,300,5.0,136,3,300,140.66666666666669,301.6666666666667,0.05,0
196,Static,,3,343,300,5.0,179,3,300,169.33333333333331,373.3333333333333,0.05,0
197,Static,,3,333,300,5.0,212,3,300,191.33333333333334,428.33333333333337,0.05,0
198,Static,,3,337,300,5.0,249,3,300,216.0,490.0,0.05,0
199,Static,,3,336,300,5.0,285,3,300,240.0,550.0,0.05,15
200,Static,,3,341,300,5.0,326,3,300,267.33333333333337,618.3333333333334,0.05,15
201,Static,,3,351,300,5.0,377,3,300,301.33333333333337,703.3333333333334,0.05,15
202,Static,,3,338,300,5.0,415,3,300,326.6666666666667,766.6666666666667,0.05,15
203,Static,,3,344,300,5.0,459,3,300,356.0,840.0,0.05,15
204,Static,,3,117,300,5.0,276,3,300,234.0,535.0,0.05,15
205,Static,,3,137,300,5.0,113,3,300,125.33333333333333,263.3333333333333,0.05,0
206,Static,,3,129,242,4.033333333333333,0,3,300,50.0,75.0,0.05,0
207,Static,,3,126,126,2.1,0,3,300,50.0,75.0,0.05,0
208,Static,,3,129,129,2.15,0,3,300,50.0,75.0,0.05,0
209,Static,,3,135,135,2.25,0,3,300,50.0,75.0,0.05,0
210,Static,,3,147,147,2.45,0,3,300,50.0,75.0,0.05,0
211,Static,,3,125,125,2.0833333333333335,0,3,300,50.0,75.0,0.05,0
212,Static,,3,139,139,2.316666666666667,0,3,300,50.0,75.0,0.05,0
213,Static,,3,134,134,2.2333333333333334,0,3,300,50.0,75.0,0.05,0
214,Static,,3,135,135,2.25,0,3,300,50.0,75.0,0.05,0
215,Static,,3,149,149,2.4833333333333334,0,3,300,50.0,75.0,0.05,0
216,Static,,3,144,144,2.4,0,3,300,50.0,75.0,0.05,0
217,Static,,3,152,152,2.533333333333333,0,3,300,50.0,75.0,0.05,0
218,Static,,3,138,138,2.3,0,3,300,50.0,75.0,0.05,0
219,Static,,3,132,132,2.2,0,3,300,50.0,75.0,0.05,0
220,Static,,3,137,137,2.283333333333333,0,3,300,50.0,75.0,0.05,0
221,Static,,3,142,142,2.3666666666666667,0,3,300,50.0,75.0,0.05,0
222,Static,,3,141,141,2.35,0,3,300,50.0,75.0,0.05,0
223,Static,,3,129,129,2.15,0,3,300,50.0,75.0,0.05,0
224,Static,,3,141,141,2.35,0,3,300,50.0,75.0,0.05,0
225,Static,,3,142,142,2.3666666666666667,0,3,300,50.0,75.0,0.05,0
226,Static,,3,165,165,2.75,0,3,300,50.0,75.0,0.05,0
227,Static,,3,159,159,2.65,0,3,300,50.0,75.0,0.05,0
228,Static,,3,132,132,2.2,0,3,300,50.0,75.0,0.05,0
229,Static,,3,137,137,2.283333333333333,0,3,300,50.0,75.0,0.05,0
230,Static,,3,126,126,2.1,0,3,300,50.0,75.0,0.05,0
231,Static,,3,135,135,2.25,0,3,300,50.0,75.0,0.05,0
232,Static,,3,144,144,2.4,0,3,300,50.0,75.0,0.05,0
233,Static,,3,153,153,2.55,0,3,300,50.0,75.0,0.05,0
234,Static,,3,133,133,2.216666666666667,0,3,300,50.0,75.0,0.05,0
235,Static,,3,134,134,2.2333333333333334,0,3,300,50.0,75.0,0.05,0
236,Static,,3,119,119,1.9833333333333334,0,3,300,50.0,75.0,0.05,0
237,Static,,3,139,139,2.316666666666667,0,3,300,50.0,75.0,0.05,0
238,Static,,3,130,130,2.1666666666666665,0,3,300,50.0,75.0,0.05,0
239,Static,,3,136,136,2.2666666666666666,0,3,300,50.0,75.0,0.05,0
240,Static,,3,132,132,2.2,0,3,300,50.0,75.0,0.05,0
241,Static,,3,140,140,2.3333333333333335,0,3,300,50.0,75.0,0.05,0
242,Static,,3,123,123,2.05,0,3,300,50.0,75.0,0.05,0
243,Static,,3,126,126,2.1,0,3,300,50.0,75.0,0.05,0
244,Static,,3,162,162,2.7,0,3,300,50.0,75.0,0.05,0
245,Static,,3,128,128,2.1333333333333333,0,3,300,50.0,75.0,0.05,0
246,Static,,3,130,130,2.1666666666666665,0,3,300,50.0,75.0,0.05,0
247,Static,,3,159,159,2.65,0,3,300,50.0,75.0,0.05,0
248,Static,,3,170,170,2.8333333333333335,0,3,300,50.0,75.0,0.05,0
249,Static,,3,130,130,2.1666666666666665,0,3,300,50.0,75.0,0.05,0
250,Static,,3,138,138,2.3,0,3,300,50.0,75.0,0.05,0
251,Static,,3,145,145,2.4166666666666665,0,3,300,50.0,75.0,0.05,0
252,Static,,3,159,159,2.65,0,3,300,50.0,75.0,0.05,0
253,Static,,3,132,132,2.2,0,3,300,50.0,75.0,0.05,0
254,Static,,3,139,139,2.316666666666667,0,3,300,50.0,75.0,0.05,0
255,Static,,3,150,150,2.5,0,3,300,50.0,75.0,0.05,0
256,Static,,3,146,146,2.433333333333333,0,3,300,50.0,75.0,0.05,0
257,Static,,3,138,138,2.3,0,3,300,50.0,75.0,0.05,0
258,Static,,3,141,141,2.35,0,3,300,50.0,75.0,0.05,0
259,Static,,3,128,128,2.1333333333333333,0,3,300,50.0,75.0,0.05,0
260,Static,,3,140,140,2.3333333333333335,0,3,300,50.0,75.0,0.05,0
261,Static,,3,140,140,2.3333333333333335,0,3,300,50.0,75.0,0.05,0
262,Static,,3,145,145,2.4166666666666665,0,3,300,50.0,75.0,0.05,0
263,Static,,3,137,137,2.283333333333333,0,3,300,50.0,75.0,0.05,0
264,Static,,3,147,147,2.45,0,3,300,50.0,75.0,0.05,0
265,Static,,3,153,153,2.55,0,3,300,50.0,75.0,0.05,0
266,Static,,3,144,144,2.4,0,3,300,50.0,75.0,0.05,0
267,Static,,3,146,146,2.433333333333333,0,3,300,50.0,75.0,0.05,0
268,Static,,3,143,143,2.3833333333333333,0,3,300,50.0,75.0,0.05,0
269,Static,,3,143,143,2.3833333333333333,0,3,300,50.0,75.0,0.05,0
270,Static,,3,136,136,2.2666666666666666,0,3,300,50.0,75.0,0.05,0
271,Static,,3,146,146,2.433333333333333,0,3,300,50.0,75.0,0.05,0
272,Static,,3,142,142,2.3666666666666667,0,3,300,50.0,75.0,0.05,0
273,Static,,3,164,164,2.7333333333333334,0,3,300,50.0,75.0,0.05,0
274,Static,,3,159,159,2.65,0,3,300,50.0,75.0,0.05,0
275,Static,,3,147,147,2.45,0,3,300,50.0,75.0,0.05,0
276,Static,,3,136,136,2.2666666666666666,0,3,300,50.0,75.0,0.05,0
277,Static,,3,132,132,2.2,0,3,300,50.0,75.0,0.05,0
278,Static,,3,155,155,2.5833333333333335,0,3,300,50.0,75.0,0.05,0
279,Static,,3,146,146,2.433333333333333,0,3,300,50.0,75.0,0.05,0
280,Static,,3,148,148,2.466666666666667,0,3,300,50.0,75.0,0.05,0
281,Static,,3,326,300,5.0,26,3,300,67.33333333333333,118.33333333333333,0.05,0
282,Static,,3,353,300,5.0,79,3,300,102.66666666666666,206.66666666666666,0.05,0
283,Static,,3,348,300,5.0,127,3,300,134.66666666666669,286.6666666666667,0.05,0
284,Static,,3,333,300,5.0,160,3,300,156.66666666666669,341.6666666666667,0.05,0
285,Static,,3,339,300,5.0,199,3,300,182.66666666666666,406.66666666666663,0.05,0
286,Static,,3,346,300,5.0,245,3,300,213.33333333333334,483.33333333333337,0.05,0
287,Static,,3,344,300,5.0,289,3,300,242.66666666666666,556.6666666666666,0.05,15
288,Static,,3,341,300,5.0,330,3,300,270.0,625.0,0.05,15
289,Static,,3,343,300,5.0,373,3,300,298.66666666666663,696.6666666666666,0.05,15
290,Static,,3,342,300,5.0,415,3,300,326.6666666666667,766.6666666666667,0.05,15
291,Static,,3,346,300,5.0,461,3,300,357.3333333333333,843.3333333333333,0.05,15
292,Static,,3,359,300,5.0,520,3,300,396.6666666666667,941.6666666666667,0.05,15
293,Static,,3,119,300,5.0,339,3,300,276.0,640.0,0.05,15
294,Static,,3,142,300,5.0,181,3,300,170.66666666666669,376.6666666666667,0.05,0
295,Static,,3,146,300,5.0,27,3,300,68.0,120.0,0.05,0
296,Static,,3,147,174,2.9,0,3,300,50.0,75.0,0.05,0
297,Static,,3,141,141,2.35,0,3,300,50.0,75.0,0.05,0
298,Static,,3,127,127,2.1166666666666667,0,3,300,50.0,75.0,0.05,0
299,Static,,3,148,148,2.466666666666667,0,3,300,50.0,75.0,0.05,0
300,Static,,3,161,161,2.683333333333333,0,3,300,50.0,75.0,0.05,0
301,Static,,3,129,129,2.15,0,3,300,50.0,75.0,0.05,0
302,Static,,3,153,153,2.55,0,3,300,50.0,75.0,0.05,0
303,Static,,3,141,141,2.35,0,3,300,50.0,75.0,0.05,0
304,Static,,3,143,143,2.3833333333333333,0,3,300,50.0,75.0,0.05,0
305,Static,,3,134,134,2.2333333333333334,0,3,300,50.0,75.0,0.05,0
306,Static,,3,141,141,2.35,0,3,300,50.0,75.0,0.05,0
307,Static,,3,157,157,2.6166666666666667,0,3,300,50.0,75.0,0.05,0
308,Static,,3,150,150,2.5,0,3,300,50.0,75.0,0.05,0
309,Static,,3,162,162,2.7,0,3,300,50.0,75.0,0.05,0
310,Static,,3,156,156,2.6,0,3,300,50.0,75.0,0.05,0
311,Static,,3,149,149,2.4833333333333334,0,3,300,50.0,75.0,0.05,0
312,Static,,3,162,162,2.7,0,3,300,50.0,75.0,0.05,0
313,Static,,3,149,149,2.4833333333333334,0,3,300,50.0,75.0,0.05,0
314,Static,,3,153,153,2.55,0,3,300,50.0,75.0,0.05,0
315,Static,,3,141,141,2.35,0,3,300,50.0,75.0,0.05,0
316,Static,,3,145,145,2.4166666666666665,0,3,300,50.0,75.0,0.05,0
317,Static,,3,138,138,2.3,0,3,300,50.0,75.0,0.05,0
318,Static,,3,154,154,2.566666666666667,0,3,300,50.0,75.0,0.05,0
319,Static,,3,133,133,2.216666666666667,0,3,300,50.0,75.0,0.05,0
320,Static,,3,152,152,2.533333333333333,0,3,300,50.0,75.0,0.05,0
321,Static,,3,143,143,2.3833333333333333,0,3,300,50.0,75.0,0.05,0
322,Static,,3,156,156,2.6,0,3,300,50.0,75.0,0.05,0
323,Static,,3,152,152,2.533333333333333,0,3,300,50.0,75.0,0.05,0
324,Static,,3,163,163,2.716666666666667,0,3,300,50.0,75.0,0.05,0
325,Static,,3,152,152,2.533333333333333,0,3,300,50.0,75.0,0.05,0
326,Static,,3,129,129,2.15,0,3,300,50.0,75.0,0.05,0
327,Static,,3,144,144,2.4,0,3,300,50.0,75.0,0.05,0
328,Static,,3,133,133,2.216666666666667,0,3,300,50.0,75.0,0.05,0
329,Static,,3,140,140,2.3333333333333335,0,3,300,50.0,75.0,0.05,0
330,Static,,3,160,160,2.6666666666666665,0,3,300,50.0,75.0,0.05,0
331,Static,,3,151,151,2.5166666666666666,0,3,300,50.0,75.0,0.05,0
332,Static,,3,138,138,2.3,0,3,300,50.0,75.0,0.05,0
333,Static,,3,135,135,2.25,0,3,300,50.0,75.0,0.05,0
334,Static,,3,145,145,2.4166666666666665,0,3,300,50.0,75.0,0.05,0
335,Static,,3,133,133,2.216666666666667,0,3,300,50.0,75.0,0.05,0
336,Static,,3,138,138,2.3,0,3,300,50.0,75.0,0.05,0
337,Static,,3,148,148,2.466666666666667,0,3,300,50.0,75.0,0.05,0
338,Static,,3,157,157,2.6166666666666667,0,3,300,50.0,75.0,0.05,0
339,Static,,3,151,151,2.5166666666666666,0,3,300,50.0,75.0,0.05,0
340,Static,,3,122,122,2.033333333333333,0,3,300,50.0,75.0,0.05,0
341,Static,,3,148,148,2.466666666666667,0,3,300,50.0,75.0,0.05,0
342,Static,,3,146,146,2.433333333333333,0,3,300,50.0,75.0,0.05,0
343,Static,,3,149,149,2.4833333333333334,0,3,300,50.0,75.0,0.05,0
344,Static,,3,161,161,2.683333333333333,0,3,300,50.0,75.0,0.05,0
345,Static,,3,124,124,2.066666666666667,0,3,300,50.0,75.0,0.05,0
346,Static,,3,139,139,2.316666666666667,0,3,300,50.0,75.0,0.05,0
347,Static,,3,151,151,2.5166666666666666,0,3,300,50.0,75.0,0.05,0
348,Static,,3,129,129,2.15,0,3,300,50.0,75.0,0.05,0
349,Static,,3,160,160,2.6666666666666665,0,3,300,50.0,75.0,0.05,0
350,Static,,3,149,149,2.4833333333333334,0,3,300,50.0,75.0,0.05,0
351,Static,,3,154,154,2.566666666666667,0,3,300,50.0,75.0,0.05,0
352,Static,,3,139,139,2.316666666666667,0,3,300,50.0,75.0,0.05,0
353,Static,,3,153,153,2.55,0,3,300,50.0,75.0,0.05,0
354,Static,,3,156,156,2.6,0,3,300,50.0,75.0,0.05,0
355,Static,,3,147,147,2.45,0,3,300,50.0,75.0,0.05,0
356,Static,,3,270,270,4.5,0,3,300,50.0,75.0,0.05,0
357,Static,,3,148,148,2.466666666666667,0,3,300,50.0,75.0,0.05,0
358,Static,,3,137,137,2.283333333333333,0,3,300,50.0,75.0,0.05,0
359,Static,,3,144,144,2.4,0,3,300,50.0,75.0,0.05,0
360,Static,,3,143,143,2.3833333333333333,0,3,300,50.0,75.0,0.05,0
361,Static,,3,148,148,2.466666666666667,0,3,300,50.0,75.0,0.05,0
362,Static,,3,154,154,2.566666666666667,0,3,300,50.0,75.0,0.05,0
363,Static,,3,134,134,2.2333333333333334,0,3,300,50.0,75.0,0.05,0
364,Static,,3,143,143,2.3833333333333333,0,3,300,50.0,75.0,0.05,0
365,Static,,3,159,159,2.65,0,3,300,50.0,75.0,0.05,0
366,Static,,3,137,137,2.283333333333333,0,3,300,50.0,75.0,0.05,0
367,Static,,3,136,136,2.2666666666666666,0,3,300,50.0,75.0,0.05,0
368,Static,,3,146,146,2.433333333333333,0,3,300,50.0,75.0,0.05,0
369,Static,,3,153,153,2.55,0,3,300,50.0,75.0,0.05,0
370,Static,,3,145,145,2.4166666666666665,0,3,300,50.0,75.0,0.05,0
371,Static,,3,158,158,2.6333333333333333,0,3,300,50.0,75.0,0.05,0
372,Static,,3,153,153,2.55,0,3,300,50.0,75.0,0.05,0
373,Static,,3,153,153,2.55,0,3,300,50.0,75.0,0.05,0
374,Static,,3,150,150,2.5,0,3,300,50.0,75.0,0.05,0
375,Static,,3,168,168,2.8,0,3,300,50.0,75.0,0.05,0
376,Static,,3,142,142,2.3666666666666667,0,3,300,50.0,75.0,0.05,0
377,Static,,3,124,124,2.066666666666667,0,3,300,50.0,75.0,0.05,0
378,Static,,3,160,160,2.6666666666666665,0,3,300,50.0,75.0,0.05,0
379,Static,,3,140,140,2.3333333333333335,0,3,300,50.0,75.0,0.05,0
380,Static,,3,145,145,2.4166666666666665,0,3,300,50.0,75.0,0.05,0
381,Static,,3,157,157,2.6166666666666667,0,3,300,50.0,75.0,0.05,0
382,Static,,3,128,128,2.1333333333333333,0,3,300,50.0,75.0,0.05,0
383,Static,,3,132,132,2.2,0,3,300,50.0,75.0,0.05,0
384,Static,,3,128,128,2.1333333333333333,0,3,300,50.0,75.0,0.05,0
385,Static,,3,136,136,2.2666666666666666,0,3,300,50.0,75.0,0.05,0
386,Static,,3,149,149,2.4833333333333334,0,3,300,50.0,75.0,0.05,0
387,Static,,3,149,149,2.4833333333333334,0,3,300,50.0,75.0,0.05,0
388,Static,,3,147,147,2.45,0,3,300,50.0,75.0,0.05,0
389,Static,,3,130,130,2.1666666666666665,0,3,300,50.0,75.0,0.05,0
390,Static,,3,121,121,2.0166666666666666,0,3,300,50.0,75.0,0.05,0
391,Static,,3,145,145,2.4166666666666665,0,3,300,50.0,75.0,0.05,0
392,Static,,3,139,139,2.316666666666667,0,3,300,50.0,75.0,0.05,0
393,Static,,3,149,149,2.4833333333333334,0,3,300,50.0,75.0,0.05,0
394,Static,,3,151,151,2.5166666666666666,0,3,300,50.0,75.0,0.05,0
395,Static,,3,145,145,2.4166666666666665,0,3,300,50.0,75.0,0.05,0
396,Static,,3,152,152,2.533333333333333,0,3,300,50.0,75.0,0.05,0
397,Static,,3,146,146,2.433333333333333,0,3,300,50.0,75.0,0.05,0
398,Static,,3,149,149,2.4833333333333334,0,3,300,50.0,75.0,0.05,0
399,Static,,3,137,137,2.283333333333333,0,3,300,50.0,75.0,0.05,0
400,Static,,3,142,142,2.3666666666666667,0,3,300,50.0,75.0,0.05,0
401,Static,,3,146,146,2.433333333333333,0,3,300,50.0,75.0,0.05,0
402,Static,,3,152,152,2.533333333333333,0,3,300,50.0,75.0,0.05,0
403,Static,,3,140,140,2.3333333333333335,0,3,300,50.0,75.0,0.05,0
404,Static,,3,149,149,2.4833333333333334,0,3,300,50.0,75.0,0.05,0
405,Static,,3,141,141,2.35,0,3,300,50.0,75.0,0.05,0
406,Static,,3,142,142,2.3666666666666667,0,3,300,50.0,75.0,0.05,0
407,Static,,3,152,152,2.533333333333333,0,3,300,50.0,75.0,0.05,0
408,Static,,3,124,124,2.066666666666667,0,3,300,50.0,75.0,0.05,0
409,Static,,3,131,131,2.183333333333333,0,3,300,50.0,75.0,0.05,0
410,Static,,3,129,129,2.15,0,3,300,50.0,75.0,0.05,0
411,Static,,3,120,120,2.0,0,3,300,50.0,75.0,0.05,0
412,Static,,3,137,137,2.283333333333333,0,3,300,50.0,75.0,0.05,0
413,Static,,3,151,151,2.5166666666666666,0,3,300,50.0,75.0,0.05,0
414,Static,,3,140,140,2.3333333333333335,0,3,300,50.0,75.0,0.05,0
415,Static,,3,145,145,2.4166666666666665,0,3,300,50.0,75.0,0.05,0
416,Static,,3,154,154,2.566666666666667,0,3,300,50.0,75.0,0.05,0
417,Static,,3,156,156,2.6,0,3,300,50.0,75.0,0.05,0
418,Static,,3,142,142,2.3666666666666667,0,3,300,50.0,75.0,0.05,0
419,Static,,3,157,157,2.6166666666666667,0,3,300,50.0,75.0,0.05,0
420,Static,,3,143,143,2.3833333333333333,0,3,300,50.0,75.0,0.05,0
421,Static,,3,134,134,2.2333333333333334,0,3,300,50.0,75.0,0.05,0
422,Static,,3,136,136,2.2666666666666666,0,3,300,50.0,75.0,0.05,0
423,Static,,3,127,127,2.1166666666666667,0,3,300,50.0,75.0,0.05,0
424,Static,,3,133,133,2.216666666666667,0,3,300,50.0,75.0,0.05,0
425,Static,,3,139,139,2.316666666666667,0,3,300,50.0,75.0,0.05,0
426,Static,,3,150,150,2.5,0,3,300,50.0,75.0,0.05,0
427,Static,,3,159,159,2.65,0,3,300,50.0,75.0,0.05,0
428,Static,,3,128,128,2.1333333333333333,0,3,300,50.0,75.0,0.05,0
429,Static,,3,146,146,2.433333333333333,0,3,300,50.0,75.0,0.05,0
430,Static,,3,131,131,2.183333333333333,0,3,300,50.0,75.0,0.05,0
431,Static,,3,147,147,2.45,0,3,300,50.0,75.0,0.05,0
432,Static,,3,140,140,2.3333333333333335,0,3,300,50.0,75.0,0.05,0
433,Static,,3,123,123,2.05,0,3,300,50.0,75.0,0.05,0
434,Static,,3,151,151,2.5166666666666666,0,3,300,50.0,75.0,0.05,0
435,Static,,3,136,136,2.2666666666666666,0,3,300,50.0,75.0,0.05,0
436,Static,,3,136,136,2.2666666666666666,0,3,300,50.0,75.0,0.05,0
437,Static,,3,131,131,2.183333333333333,0,3,300,50.0,75.0,0.05,0
438,Static,,3,135,135,2.25,0,3,300,50.0,75.0,0.05,0
439,Static,,3,146,146,2.433333333333333,0,3,300,50.0,75.0,0.05,0
440,Static,,3,139,139,2.316666666666667,0,3,300,50.0,75.0,0.05,0
441,Static,,3,145,145,2.4166666666666665,0,3,300,50.0,75.0,0.05,0
442,Static,,3,145,145,2.4166666666666665,0,3,300,50.0,75.0,0.05,0
443,Static,,3,154,154,2.566666666666667,0,3,300,50.0,75.0,0.05,0
444,Static,,3,138,138,2.3,0,3,300,50.0,75.0,0.05,0
445,Static,,3,126,126,2.1,0,3,300,50.0,75.0,0.05,0
446,Static,,3,152,152,2.533333333333333,0,3,300,50.0,75.0,0.05,0
447,Static,,3,138,138,2.3,0,3,300,50.0,75.0,0.05,0
448,Static,,3,152,152,2.533333333333333,0,3,300,50.0,75.0,0.05,0
449,Static,,3,145,145,2.4166666666666665,0,3,300,50.0,75.0,0.05,0
450,Static,,3,139,139,2.316666666666667,0,3,300,50.0,75.0,0.05,0
451,Static,,3,144,144,2.4,0,3,300,50.0,75.0,0.05,0
452,Static,,3,160,160,2.6666666666666665,0,3,300,50.0,75.0,0.05,0
453,Static,,3,161,161,2.683333333333333,0,3,300,50.0,75.0,0.05,0
454,Static,,3,141,141,2.35,0,3,300,50.0,75.0,0.05,0
455,Static,,3,142,142,2.3666666666666667,0,3,300,50.0,75.0,0.05,0
456,Static,,3,151,151,2.5166666666666666,0,3,300,50.0,75.0,0.05,0
457,Static,,3,132,132,2.2,0,3,300,50.0,75.0,0.05,0
458,Static,,3,143,143,2.3833333333333333,0,3,300,50.0,75.0,0.05,0
459,Static,,3,140,140,2.3333333333333335,0,3,300,50.0,75.0,0.05,0
460,Static,,3,143,143,2.3833333333333333,0,3,300,50.0,75.0,0.05,0
461,Static,,3,132,132,2.2,0,3,300,50.0,75.0,0.05,0
462,Static,,3,124,124,2.066666666666667,0,3,300,50.0,75.0,0.05,0
463,Static,,3,119,119,1.9833333333333334,0,3,300,50.0,75.0,0.05,0
464,Static,,3,128,128,2.1333333333333333,0,3,300,50.0,75.0,0.05,0
465,Static,,3,135,135,2.25,0,3,300,50.0,75.0,0.05,0
466,Static,,3,137,137,2.283333333333333,0,3,300,50.0,75.0,0.05,0
467,Static,,3,159,159,2.65,0,3,300,50.0,75.0,0.05,0
468,Static,,3,150,150,2.5,0,3,300,50.0,75.0,0.05,0
469,Static,,3,130,130,2.1666666666666665,0,3,300,50.0,75.0,0.05,0
470,Static,,3,143,143,2.3833333333333333,0,3,300,50.0,75.0,0.05,0
471,Static,,3,135,135,2.25,0,3,300,50.0,75.0,0.05,0
472,Static,,3,136,136,2.2666666666666666,0,3,300,50.0,75.0,0.05,0
473,Static,,3,141,141,2.35,0,3,300,50.0,75.0,0.05,0
474,Static,,3,145,145,2.4166666666666665,0,3,300,50.0,75.0,0.05,0
475,Static,,3,135,135,2.25,0,3,300,50.0,75.0,0.05,0
476,Static,,3,149,149,2.4833333333333334,0,3,300,50.0,75.0,0.05,0
477,Static,,3,127,127,2.1166666666666667,0,3,300,50.0,75.0,0.05,0
478,Static,,3,139,139,2.316666666666667,0,3,300,50.0,75.0,0.05,0
479,Static,,3,164,164,2.7333333333333334,0,3,300,50.0,75.0,0.05,0
480,Static,,3,140,140,2.3333333333333335,0,3,300,50.0,75.0,0.05,0
481,Static,,3,152,152,2.533333333333333,0,3,300,50.0,75.0,0.05,0
482,Static,,3,138,138,2.3,0,3,300,50.0,75.0,0.05,0
483,Static,,3,143,143,2.3833333333333333,0,3,300,50.0,75.0,0.05,0
484,Static,,3,137,137,2.283333333333333,0,3,300,50.0,75.0,0.05,0
485,Static,,3,135,135,2.25,0,3,300,50.0,75.0,0.05,0
486,Static,,3,129,129,2.15,0,3,300,50.0,75.0,0.05,0
487,Static,,3,141,141,2.35,0,3,300,50.0,75.0,0.05,0
488,Static,,3,128,128,2.1333333333333333,0,3,300,50.0,75.0,0.05,0
489,Static,,3,143,143,2.3833333333333333,0,3,300,50.0,75.0,0.05,0
490,Static,,3,148,148,2.466666666666667,0,3,300,50.0,75.0,0.05,0
491,Static,,3,140,140,2.3333333333333335,0,3,300,50.0,75.0,0.05,0
492,Static,,3,134,134,2.2333333333333334,0,3,300,50.0,75.0,0.05,0
493,Static,,3,141,141,2.35,0,3,300,50.0,75.0,0.05,0
494,Static,,3,133,133,2.216666666666667,0,3,300,50.0,75.0,0.05,0
495,Static,,3,146,146,2.433333333333333,0,3,300,50.0,75.0,0.05,0
496,Static,,3,118,118,1.9666666666666666,0,3,300,50.0,75.0,0.05,0
497,Static,,3,133,133,2.216666666666667,0,3,300,50.0,75.0,0.05,0
498,Static,,3,116,116,1.9333333333333333,0,3,300,50.0,75.0,0.05,0
499,Static,,3,121,121,2.0166666666666666,0,3,300,50.0,75.0,0.05,0
500,Static,,3,149,149,2.4833333333333334,0,3,300,50.0,75.0,0.05,0
501,Static,,3,145,145,2.4166666666666665,0,3,300,50.0,75.0,0.05,0
502,Static,,3,128,128,2.1333333333333333,0,3,300,50.0,75.0,0.05,0
503,Static,,3,120,120,2.0,0,3,300,50.0,75.0,0.05,0
504,Static,,3,106,106,1.7666666666666666,0,3,300,50.0,75.0,0.05,0
505,Static,,3,130,130,2.1666666666666665,0,3,300,50.0,75.0,0.05,0
506,Static,,3,159,159,2.65,0,3,300,50.0,75.0,0.05,0
507,Static,,3,139,139,2.316666666666667,0,3,300,50.0,75.0,0.05,0
508,Static,,3,129,129,2.15,0,3,300,50.0,75.0,0.05,0
509,Static,,3,139,139,2.316666666666667,0,3,300,50.0,75.0,0.05,0
510,Static,,3,119,119,1.9833333333333334,0,3,300,50.0,75.0,0.05,0
511,Static,,3,132,132,2.2,0,3,300,50.0,75.0,0.05,0
512,Static,,3,135,135,2.25,0,3,300,50.0,75.0,0.05,0
513,Static,,3,134,134,2.2333333333333334,0,3,300,50.0,75.0,0.05,0
514,Static,,3,142,142,2.3666666666666667,0,3,300,50.0,75.0,0.05,0
515,Static,,3,138,138,2.3,0,3,300,50.0,75.0,0.05,0
516,Static,,3,141,141,2.35,0,3,300,50.0,75.0,0.05,0
517,Static,,3,127,127,2.1166666666666667,0,3,300,50.0,75.0,0.05,0
518,Static,,3,143,143,2.3833333333333333,0,3,300,50.0,75.0,0.05,0
519,Static,,3,150,150,2.5,0,3,300,50.0,75.0,0.05,0
520,Static,,3,124,124,2.066666666666667,0,3,300,50.0,75.0,0.05,0
521,Static,,3,125,125,2.0833333333333335,0,3,300,50.0,75.0,0.05,0
522,Static,,3,147,147,2.45,0,3,300,50.0,75.0,0.05,0
523,Static,,3,131,131,2.183333333333333,0,3,300,50.0,75.0,0.05,0
524,Static,,3,147,147,2.45,0,3,300,50.0,75.0,0.05,0
525,Static,,3,129,129,2.15,0,3,300,50.0,75.0,0.05,0
526,Static,,3,147,147,2.45,0,3,300,50.0,75.0,0.05,0
527,Static,,3,134,134,2.2333333333333334,0,3,300,50.0,75.0,0.05,0
528,Static,,3,135,135,2.25,0,3,300,50.0,75.0,0.05,0
529,Static,,3,148,148,2.466666666666667,0,3,300,50.0,75.0,0.05,0
530,Static,,3,129,129,2.15,0,3,300,50.0,75.0,0.05,0
531,Static,,3,123,123,2.05,0,3,300,50.0,75.0,0.05,0
532,Static,,3,128,128,2.1333333333333333,0,3,300,50.0,75.0,0.05,0
533,Static,,3,137,137,2.283333333333333,0,3,300,50.0,75.0,0.05,0
534,Static,,3,116,116,1.9333333333333333,0,3,300,50.0,75.0,0.05,0
535,Static,,3,138,138,2.3,0,3,300,50.0,75.0,0.05,0
536,Static,,3,126,126,2.1,0,3,300,50.0,75.0,0.05,0
537,Static,,3,143,143,2.3833333333333333,0,3,300,50.0,75.0,0.05,0
538,Static,,3,108,108,1.8,0,3,300,50.0,75.0,0.05,0
539,Static,,3,124,124,2.066666666666667,0,3,300,50.0,75.0,0.05,0
540,Static,,3,114,114,1.9,0,3,300,50.0,75.0,0.05,0
541,Static,,3,122,122,2.033333333333333,0,3,300,50.0,75.0,0.05,0
542,Static,,3,133,133,2.216666666666667,0,3,300,50.0,75.0,0.05,0
543,Static,,3,128,128,2.1333333333333333,0,3,300,50.0,75.0,0.05,0
544,Static,,3,127,127,2.1166666666666667,0,3,300,50.0,75.0,0.05,0
545,Static,,3,128,128,2.1333333333333333,0,3,300,50.0,75.0,0.05,0
546,Static,,3,132,132,2.2,0,3,300,50.0,75.0,0.05,0
547,Static,,3,120,120,2.0,0,3,300,50.0,75.0,0.05,0
548,Static,,3,137,137,2.283333333333333,0,3,300,50.0,75.0,0.05,0
549,Static,,3,136,136,2.2666666666666666,0,3,300,50.0,75.0,0.05,0
550,Static,,3,133,133,2.216666666666667,0,3,300,50.0,75.0,0.05,0
551,Static,,3,135,135,2.25,0,3,300,50.0,75.0,0.05,0
552,Static,,3,132,132,2.2,0,3,300,50.0,75.0,0.05,0
553,Static,,3,149,149,2.4833333333333334,0,3,300,50.0,75.0,0.05,0
554,Static,,3,128,128,2.1333333333333333,0,3,300,50.0,75.0,0.05,0
555,Static,,3,126,126,2.1,0,3,300,50.0,75.0,0.05,0
556,Static,,3,121,121,2.0166666666666666,0,3,300,50.0,75.0,0.05,0
557,Static,,3,118,118,1.9666666666666666,0,3,300,50.0,75.0,0.05,0
558,Static,,3,116,116,1.9333333333333333,0,3,300,50.0,75.0,0.05,0
559,Static,,3,119,119,1.9833333333333334,0,3,300,50.0,75.0,0.05,0
560,Static,,3,127,127,2.1166666666666667,0,3,300,50.0,75.0,0.05,0
561,Static,,3,131,131,2.183333333333333,0,3,300,50.0,75.0,0.05,0
562,Static,,3,128,128,2.1333333333333333,0,3,300,50.0,75.0,0.05,0
563,Static,,3,120,120,2.0,0,3,300,50.0,75.0,0.05,0
564,Static,,3,136,136,2.2666666666666666,0,3,300,50.0,75.0,0.05,0
565,Static,,3,135,135,2.25,0,3,300,50.0,75.0,0.05,0
566,Static,,3,126,126,2.1,0,3,300,50.0,75.0,0.05,0
567,Static,,3,120,120,2.0,0,3,300,50.0,75.0,0.05,0
568,Static,,3,132,132,2.2,0,3,300,50.0,75.0,0.05,0
569,Static,,3,129,129,2.15,0,3,300,50.0,75.0,0.05,0
570,Static,,3,112,112,1.8666666666666667,0,3,300,50.0,75.0,0.05,0
571,Static,,3,126,126,2.1,0,3,300,50.0,75.0,0.05,0
572,Static,,3,129,129,2.15,0,3,300,50.0,75.0,0.05,0
573,Static,,3,117,117,1.95,0,3,300,50.0,75.0,0.05,0
574,Static,,3,128,128,2.1333333333333333,0,3,300,50.0,75.0,0.05,0
575,Static,,3,111,111,1.85,0,3,300,50.0,75.0,0.05,0
576,Static,,3,139,139,2.316666666666667,0,3,300,50.0,75.0,0.05,0
577,Static,,3,138,138,2.3,0,3,300,50.0,75.0,0.05,0
578,Static,,3,123,123,2.05,0,3,300,50.0,75.0,0.05,0
579,Static,,3,129,129,2.15,0,3,300,50.0,75.0,0.05,0
580,Static,,3,101,101,1.6833333333333333,0,3,300,50.0,75.0,0.05,0
581,Static,,3,113,113,1.8833333333333333,0,3,300,50.0,75.0,0.05,0
582,Static,,3,122,122,2.033333333333333,0,3,300,50.0,75.0,0.05,0
583,Static,,3,114,114,1.9,0,3,300,50.0,75.0,0.05,0
584,Static,,3,132,132,2.2,0,3,300,50.0,75.0,0.05,0
585,Static,,3,144,144,2.4,0,3,300,50.0,75.0,0.05,0
586,Static,,3,113,113,1.8833333333333333,0,3,300,50.0,75.0,0.05,0
587,Static,,3,116,116,1.9333333333333333,0,3,300,50.0,75.0,0.05,0
588,Static,,3,126,126,2.1,0,3,300,50.0,75.0,0.05,0
589,Static,,3,140,140,2.3333333333333335,0,3,300,50.0,75.0,0.05,0
590,Static,,3,112,112,1.8666666666666667,0,3,300,50.0,75.0,0.05,0
591,Static,,3,126,126,2.1,0,3,300,50.0,75.0,0.05,0
592,Static,,3,142,142,2.3666666666666667,0,3,300,50.0,75.0,0.05,0
593,Static,,3,107,107,1.7833333333333334,0,3,300,50.0,75.0,0.05,0
594,Static,,3,110,110,1.8333333333333333,0,3,300,50.0,75.0,0.05,0
595,Static,,3,119,119,1.9833333333333334,0,3,300,50.0,75.0,0.05,0
596,Static,,3,118,118,1.9666666666666666,0,3,300,50.0,75.0,0.05,0
597,Static,,3,131,131,2.183333333333333,0,3,300,50.0,75.0,0.05,0
598,Static,,3,125,125,2.0833333333333335,0,3,300,50.0,75.0,0.05,0
599,Static,,3,105,105,1.75,0,3,300,50.0,75.0,0.05,0
600,Static,,3,127,127,2.1166666666666667,0,3,300,50.0,75.0,0.05,0
601,Static,,3,116,116,1.9333333333333333,0,3,300,50.0,75.0,0.05,0
602,Static,,3,134,134,2.2333333333333334,0,3,300,50.0,75.0,0.05,0
603,Static,,3,115,115,1.9166666666666667,0,3,300,50.0,75.0,0.05,0
604,Static,,3,115,115,1.9166666666666667,0,3,300,50.0,75.0,0.05,0
605,Static,,3,126,126,2.1,0,3,300,50.0,75.0,0.05,0
606,Static,,3,128,128,2.1333333333333333,0,3,300,50.0,75.0,0.05,0
607,Static,,3,125,125,2.0833333333333335,0,3,300,50.0,75.0,0.05,0
608,Static,,3,103,103,1.7166666666666666,0,3,300,50.0,75.0,0.05,0
609,Static,,3,125,125,2.0833333333333335,0,3,300,50.0,75.0,0.05,0
610,Static,,3,110,110,1.8333333333333333,0,3,300,50.0,75.0,0.05,0
611,Static,,3,122,122,2.033333333333333,0,3,300,50.0,75.0,0.05,0
612,Static,,3,105,105,1.75,0,3,300,50.0,75.0,0.05,0
613,Static,,3,124,124,2.066666666666667,0,3,300,50.0,75.0,0.05,0
614,Static,,3,111,111,1.85,0,3,300,50.0,75.0,0.05,0
615,Static,,3,106,106,1.7666666666666666,0,3,300,50.0,75.0,0.05,0
616,Static,,3,126,126,2.1,0,3,300,50.0,75.0,0.05,0
617,Static,,3,121,121,2.0166666666666666,0,3,300,50.0,75.0,0.05,0
618,Static,,3,113,113,1.8833333333333333,0,3,300,50.0,75.0,0.05,0
619,Static,,3,133,133,2.216666666666667,0,3,300,50.0,75.0,0.05,0
620,Static,,3,114,114,1.9,0,3,300,50.0,75.0,0.05,0
621,Static,,3,119,119,1.9833333333333334,0,3,300,50.0,75.0,0.05,0
622,Static,,3,121,121,2.0166666666666666,0,3,300,50.0,75.0,0.05,0
623,Static,,3,112,112,1.8666666666666667,0,3,300,50.0,75.0,0.05,0
624,Static,,3,122,122,2.033333333333333,0,3,300,50.0,75.0,0.05,0
625,Static,,3,112,112,1.8666666666666667,0,3,300,50.0,75.0,0.05,0
626,Static,,3,113,113,1.8833333333333333,0,3,300,50.0,75.0,0.05,0
627,Static,,3,131,131,2.183333333333333,0,3,300,50.0,75.0,0.05,0
628,Static,,3,107,107,1.7833333333333334,0,3,300,50.0,75.0,0.05,0
629,Static,,3,93,93,1.55,0,3,300,50.0,75.0,0.05,0
630,Static,,3,133,133,2.216666666666667,0,3,300,50.0,75.0,0.05,0
631,Static,,3,142,142,2.3666666666666667,0,3,300,50.0,75.0,0.05,0
632,Static,,3,112,112,1.8666666666666667,0,3,300,50.0,75.0,0.05,0
633,Static,,3,97,97,1.6166666666666667,0,3,300,50.0,75.0,0.05,0
634,Static,,3,113,113,1.8833333333333333,0,3,300,50.0,75.0,0.05,0
635,Static,,3,113,113,1.8833333333333333,0,3,300,50.0,75.0,0.05,0
636,Static,,3,114,114,1.9,0,3,300,50.0,75.0,0.05,0
637,Static,,3,105,105,1.75,0,3,300,50.0,75.0,0.05,0
638,Static,,3,121,121,2.0166666666666666,0,3,300,50.0,75.0,0.05,0
639,Static,,3,121,121,2.0166666666666666,0,3,300,50.0,75.0,0.05,0
640,Static,,3,100,100,1.6666666666666667,0,3,300,50.0,75.0,0.05,0
641,Static,,3,122,122,2.033333333333333,0,3,300,50.0,75.0,0.05,0
642,Static,,3,135,135,2.25,0,3,300,50.0,75.0,0.05,0
643,Static,,3,116,116,1.9333333333333333,0,3,300,50.0,75.0,0.05,0
644,Static,,3,111,111,1.85,0,3,300,50.0,75.0,0.05,0
645,Static,,3,113,113,1.8833333333333333,0,3,300,50.0,75.0,0.05,0
646,Static,,3,120,120,2.0,0,3,300,50.0,75.0,0.05,0
647,Static,,3,97,97,1.6166666666666667,0,3,300,50.0,75.0,0.05,0
648,Static,,3,115,115,1.9166666666666667,0,3,300,50.0,75.0,0.05,0
649,Static,,3,110,110,1.8333333333333333,0,3,300,50.0,75.0,0.05,0
650,Static,,3,132,132,2.2,0,3,300,50.0,75.0,0.05,0
651,Static,,3,112,112,1.8666666666666667,0,3,300,50.0,75.0,0.05,0
652,Static,,3,130,130,2.1666666666666665,0,3,300,50.0,75.0,0.05,0
653,Static,,3,102,102,1.7,0,3,300,50.0,75.0,0.05,0
654,Static,,3,119,119,1.9833333333333334,0,3,300,50.0,75.0,0.05,0
655,Static,,3,116,116,1.9333333333333333,0,3,300,50.0,75.0,0.05,0
656,Static,,3,104,104,1.7333333333333334,0,3,300,50.0,75.0,0.05,0
657,Static,,3,114,114,1.9,0,3,300,50.0,75.0,0.05,0
658,Static,,3,124,124,2.066666666666667,0,3,300,50.0,75.0,0.05,0
659,Static,,3,109,109,1.8166666666666667,0,3,300,50.0,75.0,0.05,0
660,Static,,3,94,94,1.5666666666666667,0,3,300,50.0,75.0,0.05,0
661,Static,,3,111,111,1.85,0,3,300,50.0,75.0,0.05,0
662,Static,,3,102,102,1.7,0,3,300,50.0,75.0,0.05,0
663,Static,,3,107,107,1.7833333333333334,0,3,300,50.0,75.0,0.05,0
664,Static,,3,110,110,1.8333333333333333,0,3,300,50.0,75.0,0.05,0
665,Static,,3,93,93,1.55,0,3,300,50.0,75.0,0.05,0
666,Static,,3,94,94,1.5666666666666667,0,3,300,50.0,75.0,0.05,0
667,Static,,3,115,115,1.9166666666666667,0,3,300,50.0,75.0,0.05,0
668,Static,,3,105,105,1.75,0,3,300,50.0,75.0,0.05,0
669,Static,,3,84,84,1.4,0,3,300,50.0,75.0,0.05,0
670,Static,,3,117,117,1.95,0,3,300,50.0,75.0,0.05,0
671,Static,,3,112,112,1.8666666666666667,0,3,300,50.0,75.0,0.05,0
672,Static,,3,102,102,1.7,0,3,300,50.0,75.0,0.05,0
673,Static,,3,96,96,1.6,0,3,300,50.0,75.0,0.05,0
674,Static,,3,117,117,1.95,0,3,300,50.0,75.0,0.05,0
675,Static,,3,112,112,1.8666666666666667,0,3,300,50.0,75.0,0.05,0
676,Static,,3,132,132,2.2,0,3,300,50.0,75.0,0.05,0
677,Static,,3,112,112,1.8666666666666667,0,3,300,50.0,75.0,0.05,0
678,Static,,3,112,112,1.8666666666666667,0,3,300,50.0,75.0,0.05,0
679,Static,,3,106,106,1.7666666666666666,0,3,300,50.0,75.0,0.05,0
680,Static,,3,116,116,1.9333333333333333,0,3,300,50.0,75.0,0.05,0
681,Static,,3,114,114,1.9,0,3,300,50.0,75.0,0.05,0
682,Static,,3,120,120,2.0,0,3,300,50.0,75.0,0.05,0
683,Static,,3,102,102,1.7,0,3,300,50.0,75.0,0.05,0
684,Static,,3,103,103,1.7166666666666666,0,3,300,50.0,75.0,0.05,0
685,Static,,3,102,102,1.7,0,3,300,50.0,75.0,0.05,0
686,Static,,3,115,115,1.9166666666666667,0,3,300,50.0,75.0,0.05,0
687,Static,,3,121,121,2.0166666666666666,0,3,300,50.0,75.0,0.05,0
688,Static,,3,102,102,1.7,0,3,300,50.0,75.0,0.05,0
689,Static,,3,102,102,1.7,0,3,300,50.0,75.0,0.05,0
690,Static,,3,109,109,1.8166666666666667,0,3,300,50.0,75.0,0.05,0
691,Static,,3,103,103,1.7166666666666666,0,3,300,50.0,75.0,0.05,0
692,Static,,3,115,115,1.9166666666666667,0,3,300,50.0,75.0,0.05,0
693,Static,,3,83,83,1.3833333333333333,0,3,300,50.0,75.0,0.05,0
694,Static,,3,97,97,1.6166666666666667,0,3,300,50.0,75.0,0.05,0
695,Static,,3,97,97,1.6166666666666667,0,3,300,50.0,75.0,0.05,0
696,Static,,3,82,82,1.3666666666666667,0,3,300,50.0,75.0,0.05,0
697,Static,,3,95,95,1.5833333333333333,0,3,300,50.0,75.0,0.05,0
698,Static,,3,95,95,1.5833333333333333,0,3,300,50.0,75.0,0.05,0
699,Static,,3,102,102,1.7,0,3,300,50.0,75.0,0.05,0
700,Static,,3,115,115,1.9166666666666667,0,3,300,50.0,75.0,0.05,0
701,Static,,3,102,102,1.7,0,3,300,50.0,75.0,0.05,0
702,Static,,3,94,94,1.5666666666666667,0,3,300,50.0,75.0,0.05,0
703,Static,,3,103,103,1.7166666666666666,0,3,300,50.0,75.0,0.05,0
704,Static,,3,114,114,1.9,0,3,300,50.0,75.0,0.05,0
705,Static,,3,94,94,1.5666666666666667,0,3,300,50.0,75.0,0.05,0
706,Static,,3,94,94,1.5666666666666667,0,3,300,50.0,75.0,0.05,0
707,Static,,3,109,109,1.8166666666666667,0,3,300,50.0,75.0,0.05,0
708,Static,,3,101,101,1.6833333333333333,0,3,300,50.0,75.0,0.05,0
709,Static,,3,109,109,1.8166666666666667,0,3,300,50.0,75.0,0.05,0
710,Static,,3,102,102,1.7,0,3,300,50.0,75.0,0.05,0
711,Static,,3,109,109,1.8166666666666667,0,3,300,50.0,75.0,0.05,0
712,Static,,3,92,92,1.5333333333333334,0,3,300,50.0,75.0,0.05,0
713,Static,,3,102,102,1.7,0,3,300,50.0,75.0,0.05,0
714,Static,,3,100,100,1.6666666666666667,0,3,300,50.0,75.0,0.05,0
715,Static,,3,89,89,1.4833333333333334,0,3,300,50.0,75.0,0.05,0
716,Static,,3,86,86,1.4333333333333333,0,3,300,50.0,75.0,0.05,0
717,Static,,3,108,108,1.8,0,3,300,50.0,75.0,0.05,0
718,Static,,3,98,98,1.6333333333333333,0,3,300,50.0,75.0,0.05,0
719,Static,,3,91,91,1.5166666666666666,0,3,300,50.0,75.0,0.05,0
720,Static,,3,99,99,1.65,0,3,300,50.0,75.0,0.05,0
721,Static,,3,111,111,1.85,0,3,300,50.0,75.0,0.05,0
722,Static,,3,77,77,1.2833333333333334,0,3,300,50.0,75.0,0.05,0
723,Static,,3,85,85,1.4166666666666667,0,3,300,50.0,75.0,0.05,0
724,Static,,3,90,90,1.5,0,3,300,50.0,75.0,0.05,0
725,Static,,3,114,114,1.9,0,3,300,50.0,75.0,0.05,0
726,Static,,3,102,102,1.7,0,3,300,50.0,75.0,0.05,0
727,Static,,3,106,106,1.7666666666666666,0,3,300,50.0,75.0,0.05,0
728,Static,,3,87,87,1.45,0,3,300,50.0,75.0,0.05,0
729,Static,,3,87,87,1.45,0,3,300,50.0,75.0,0.05,0
730,Static,,3,103,103,1.7166666666666666,0,3,300,50.0,75.0,0.05,0
731,Static,,3,99,99,1.65,0,3,300,50.0,75.0,0.05,0
732,Static,,3,103,103,1.7166666666666666,0,3,300,50.0,75.0,0.05,0
733,Static,,3,96,96,1.6,0,3,300,50.0,75.0,0.05,0
734,Static,,3,100,100,1.6666666666666667,0,3,300,50.0,75.0,0.05,0
735,Static,,3,99,99,1.65,0,3,300,50.0,75.0,0.05,0
736,Static,,3,105,105,1.75,0,3,300,50.0,75.0,0.05,0
737,Static,,3,105,105,1.75,0,3,300,50.0,75.0,0.05,0
738,Static,,3,81,81,1.35,0,3,300,50.0,75.0,0.05,0
739,Static,,3,74,74,1.2333333333333334,0,3,300,50.0,75.0,0.05,0
740,Static,,3,107,107,1.7833333333333334,0,3,300,50.0,75.0,0.05,0
741,Static,,3,108,108,1.8,0,3,300,50.0,75.0,0.05,0
742,Static,,3,86,86,1.4333333333333333,0,3,300,50.0,75.0,0.05,0
743,Static,,3,77,77,1.2833333333333334,0,3,300,50.0,75.0,0.05,0
744,Static,,3,97,97,1.6166666666666667,0,3,300,50.0,75.0,0.05,0
745,Static,,3,105,105,1.75,0,3,300,50.0,75.0,0.05,0
746,Static,,3,113,113,1.8833333333333333,0,3,300,50.0,75.0,0.05,0
747,Static,,3,100,100,1.6666666666666667,0,3,300,50.0,75.0,0.05,0
748,Static,,3,91,91,1.5166666666666666,0,3,300,50.0,75.0,0.05,0
749,Static,,3,86,86,1.4333333333333333,0,3,300,50.0,75.0,0.05,0
750,Static,,3,95,95,1.5833333333333333,0,3,300,50.0,75.0,0.05,0
751,Static,,3,92,92,1.5333333333333334,0,3,300,50.0,75.0,0.05,0
752,Static,,3,84,84,1.4,0,3,300,50.0,75.0,0.05,0
753,Static,,3,115,115,1.9166666666666667,0,3,300,50.0,75.0,0.05,0
754,Static,,3,112,112,1.8666666666666667,0,3,300,50.0,75.0,0.05,0
755,Static,,3,105,105,1.75,0,3,300,50.0,75.0,0.05,0
756,Static,,3,85,85,1.4166666666666667,0,3,300,50.0,75.0,0.05,0
757,Static,,3,102,102,1.7,0,3,300,50.0,75.0,0.05,0
758,Static,,3,100,100,1.6666666666666667,0,3,300,50.0,75.0,0.05,0
759,Static,,3,98,98,1.6333333333333333,0,3,300,50.0,75.0,0.05,0
760,Static,,3,106,106,1.7666666666666666,0,3,300,50.0,75.0,0.05,0
761,Static,,3,99,99,1.65,0,3,300,50.0,75.0,0.05,0
762,Static,,3,100,100,1.6666666666666667,0,3,300,50.0,75.0,0.05,0
763,Static,,3,99,99,1.65,0,3,300,50.0,75.0,0.05,0
764,Static,,3,96,96,1.6,0,3,300,50.0,75.0,0.05,0
765,Static,,3,74,74,1.2333333333333334,0,3,300,50.0,75.0,0.05,0
766,Static,,3,93,93,1.55,0,3,300,50.0,75.0,0.05,0
767,Static,,3,86,86,1.4333333333333333,0,3,300,50.0,75.0,0.05,0
768,Static,,3,79,79,1.3166666666666667,0,3,300,50.0,75.0,0.05,0
769,Static,,3,108,108,1.8,0,3,300,50.0,75.0,0.05,0
770,Static,,3,109,109,1.8166666666666667,0,3,300,50.0,75.0,0.05,0
771,Static,,3,105,105,1.75,0,3,300,50.0,75.0,0.05,0
772,Static,,3,94,94,1.5666666666666667,0,3,300,50.0,75.0,0.05,0
773,Static,,3,104,104,1.7333333333333334,0,3,300,50.0,75.0,0.05,0
774,Static,,3,91,91,1.5166666666666666,0,3,300,50.0,75.0,0.05,0
775,Static,,3,93,93,1.55,0,3,300,50.0,75.0,0.05,0
776,Static,,3,79,79,1.3166666666666667,0,3,300,50.0,75.0,0.05,0
777,Static,,3,94,94,1.5666666666666667,0,3,300,50.0,75.0,0.05,0
778,Static,,3,91,91,1.5166666666666666,0,3,300,50.0,75.0,0.05,0
779,Static,,3,77,77,1.2833333333333334,0,3,300,50.0,75.0,0.05,0
780,Static,,3,88,88,1.4666666666666666,0,3,300,50.0,75.0,0.05,0
781,Static,,3,88,88,1.4666666666666666,0,3,300,50.0,75.0,0.05,0
782,Static,,3,107,107,1.7833333333333334,0,3,300,50.0,75.0,0.05,0
783,Static,,3,97,97,1.6166666666666667,0,3,300,50.0,75.0,0.05,0
784,Static,,3,88,88,1.4666666666666666,0,3,300,50.0,75.0,0.05,0
785,Static,,3,91,91,1.5166666666666666,0,3,300,50.0,75.0,0.05,0
786,Static,,3,88,88,1.4666666666666666,0,3,300,50.0,75.0,0.05,0
787,Static,,3,86,86,1.4333333333333333,0,3,300,50.0,75.0,0.05,0
788,Static,,3,77,77,1.2833333333333334,0,3,300,50.0,75.0,0.05,0
789,Static,,3,86,86,1.4333333333333333,0,3,300,50.0,75.0,0.05,0
790,Static,,3,80,80,1.3333333333333333,0,3,300,50.0,75.0,0.05,0
791,Static,,3,75,75,1.25,0,3,300,50.0,75.0,0.05,0
792,Static,,3,92,92,1.5333333333333334,0,3,300,50.0,75.0,0.05,0
793,Static,,3,91,91,1.5166666666666666,0,3,300,50.0,75.0,0.05,0
794,Static,,3,69,69,1.15,0,3,300,50.0,75.0,0.05,0
795,Static,,3,85,85,1.4166666666666667,0,3,300,50.0,75.0,0.05,0
796,Static,,3,96,96,1.6,0,3,300,50.0,75.0,0.05,0
797,Static,,3,97,97,1.6166666666666667,0,3,300,50.0,75.0,0.05,0
798,Static,,3,96,96,1.6,0,3,300,50.0,75.0,0.05,0
799,Static,,3,86,86,1.4333333333333333,0,3,300,50.0,75.0,0.05,0
800,Static,,3,77,77,1.2833333333333334,0,3,300,50.0,75.0,0.05,0
801,Static,,3,75,75,1.25,0,3,300,50.0,75.0,0.05,0
802,Static,,3,89,89,1.4833333333333334,0,3,300,50.0,75.0,0.05,0
803,Static,,3,89,89,1.4833333333333334,0,3,300,50.0,75.0,0.05,0
804,Static,,3,98,98,1.6333333333333333,0,3,300,50.0,75.0,0.05,0
805,Static,,3,96,96,1.6,0,3,300,50.0,75.0,0.05,0
806,Static,,3,83,83,1.3833333333333333,0,3,300,50.0,75.0,0.05,0
807,Static,,3,72,72,1.2,0,3,300,50.0,75.0,0.05,0
808,Static,,3,81,81,1.35,0,3,300,50.0,75.0,0.05,0
809,Static,,3,86,86,1.4333333333333333,0,3,300,50.0,75.0,0.05,0
810,Static,,3,82,82,1.3666666666666667,0,3,300,50.0,75.0,0.05,0
811,Static,,3,78,78,1.3,0,3,300,50.0,75.0,0.05,0
812,Static,,3,86,86,1.4333333333333333,0,3,300,50.0,75.0,0.05,0
813,Static,,3,78,78,1.3,0,3,300,50.0,75.0,0.05,0
814,Static,,3,77,77,1.2833333333333334,0,3,300,50.0,75.0,0.05,0
815,Static,,3,86,86,1.4333333333333333,0,3,300,50.0,75.0,0.05,0
816,Static,,3,79,79,1.3166666666666667,0,3,300,50.0,75.0,0.05,0
817,Static,,3,85,85,1.4166666666666667,0,3,300,50.0,75.0,0.05,0
818,Static,,3,255,255,4.25,0,3,300,50.0,75.0,0.05,0
819,Static,,3,71,71,1.1833333333333333,0,3,300,50.0,75.0,0.05,0
820,Static,,3,78,78,1.3,0,3,300,50.0,75.0,0.05,0
821,Static,,3,97,97,1.6166666666666667,0,3,300,50.0,75.0,0.05,0
822,Static,,3,70,70,1.1666666666666667,0,3,300,50.0,75.0,0.05,0
823,Static,,3,61,61,1.0166666666666666,0,3,300,50.0,75.0,0.05,0
824,Static,,3,63,63,1.05,0,3,300,50.0,75.0,0.05,0
825,Static,,3,82,82,1.3666666666666667,0,3,300,50.0,75.0,0.05,0
826,Static,,3,82,82,1.3666666666666667,0,3,300,50.0,75.0,0.05,0
827,Static,,3,80,80,1.3333333333333333,0,3,300,50.0,75.0,0.05,0
828,Static,,3,93,93,1.55,0,3,300,50.0,75.0,0.05,0
829,Static,,3,54,54,0.9,0,3,300,50.0,75.0,0.05,0
830,Static,,3,85,85,1.4166666666666667,0,3,300,50.0,75.0,0.05,0
831,Static,,3,96,96,1.6,0,3,300,50.0,75.0,0.05,0
832,Static,,3,69,69,1.15,0,3,300,50.0,75.0,0.05,0
833,Static,,3,77,77,1.2833333333333334,0,3,300,50.0,75.0,0.05,0
834,Static,,3,73,73,1.2166666666666666,0,3,300,50.0,75.0,0.05,0
835,Static,,3,71,71,1.1833333333333333,0,3,300,50.0,75.0,0.05,0
836,Static,,3,77,77,1.2833333333333334,0,3,300,50.0,75.0,0.05,0
837,Static,,3,94,94,1.5666666666666667,0,3,300,50.0,75.0,0.05,0
838,Static,,3,98,98,1.6333333333333333,0,3,300,50.0,75.0,0.05,0
839,Static,,3,76,76,1.2666666666666666,0,3,300,50.0,75.0,0.05,0
840,Static,,3,98,98,1.6333333333333333,0,3,300,50.0,75.0,0.05,0
841,Static,,3,79,79,1.3166666666666667,0,3,300,50.0,75.0,0.05,0
842,Static,,3,96,96,1.6,0,3,300,50.0,75.0,0.05,0
843,Static,,3,77,77,1.2833333333333334,0,3,300,50.0,75.0,0.05,0
844,Static,,3,79,79,1.3166666666666667,0,3,300,50.0,75.0,0.05,0
845,Static,,3,81,81,1.35,0,3,300,50.0,75.0,0.05,0
846,Static,,3,109,109,1.8166666666666667,0,3,300,50.0,75.0,0.05,0
847,Static,,3,86,86,1.4333333333333333,0,3,300,50.0,75.0,0.05,0
848,Static,,3,70,70,1.1666666666666667,0,3,300,50.0,75.0,0.05,0
849,Static,,3,87,87,1.45,0,3,300,50.0,75.0,0.05,0
850,Static,,3,73,73,1.2166666666666666,0,3,300,50.0,75.0,0.05,0
851,Static,,3,72,72,1.2,0,3,300,50.0,75.0,0.05,0
852,Static,,3,86,86,1.4333333333333333,0,3,300,50.0,75.0,0.05,0
853,Static,,3,77,77,1.2833333333333334,0,3,300,50.0,75.0,0.05,0
854,Static,,3,79,79,1.3166666666666667,0,3,300,50.0,75.0,0.05,0
855,Static,,3,76,76,1.2666666666666666,0,3,300,50.0,75.0,0.05,0
856,Static,,3,80,80,1.3333333333333333,0,3,300,50.0,75.0,0.05,0
857,Static,,3,80,80,1.3333333333333333,0,3,300,50.0,75.0,0.05,0
858,Static,,3,56,56,0.9333333333333333,0,3,300,50.0,75.0,0.05,0
859,Static,,3,82,82,1.3666666666666667,0,3,300,50.0,75.0,0.05,0
860,Static,,3,66,66,1.1,0,3,300,50.0,75.0,0.05,0
861,Static,,3,61,61,1.0166666666666666,0,3,300,50.0,75.0,0.05,0
862,Static,,3,75,75,1.25,0,3,300,50.0,75.0,0.05,0
863,Static,,3,76,76,1.2666666666666666,0,3,300,50.0,75.0,0.05,0
864,Static,,3,68,68,1.1333333333333333,0,3,300,50.0,75.0,0.05,0
865,Static,,3,83,83,1.3833333333333333,0,3,300,50.0,75.0,0.05,0
866,Static,,3,61,61,1.0166666666666666,0,3,300,50.0,75.0,0.05,0
867,Static,,3,71,71,1.1833333333333333,0,3,300,50.0,75.0,0.05,0
868,Static,,3,69,69,1.15,0,3,300,50.0,75.0,0.05,0
869,Static,,3,74,74,1.2333333333333334,0,3,300,50.0,75.0,0.05,0
870,Static,,3,77,77,1.2833333333333334,0,3,300,50.0,75.0,0.05,0
871,Static,,3,64,64,1.0666666666666667,0,3,300,50.0,75.0,0.05,0
872,Static,,3,81,81,1.35,0,3,300,50.0,75.0,0.05,0
873,Static,,3,74,74,1.2333333333333334,0,3,300,50.0,75.0,0.05,0
874,Static,,3,55,55,0.9166666666666666,0,3,300,50.0,75.0,0.05,0
875,Static,,3,54,54,0.9,0,3,300,50.0,75.0,0.05,0
876,Static,,3,73,73,1.2166666666666666,0,3,300,50.0,75.0,0.05,0
877,Static,,3,71,71,1.1833333333333333,0,3,300,50.0,75.0,0.05,0
878,Static,,3,72,72,1.2,0,3,300,50.0,75.0,0.05,0
879,Static,,3,73,73,1.2166666666666666,0,3,300,50.0,75.0,0.05,0
880,Static,,3,75,75,1.25,0,3,300,50.0,75.0,0.05,0
881,Static,,3,82,82,1.3666666666666667,0,3,300,50.0,75.0,0.05,0
882,Static,,3,61,61,1.0166666666666666,0,3,300,50.0,75.0,0.05,0
883,Static,,3,61,61,1.0166666666666666,0,3,300,50.0,75.0,0.05,0
884,Static,,3,61,61,1.0166666666666666,0,3,300,50.0,75.0,0.05,0
885,Static,,3,75,75,1.25,0,3,300,50.0,75.0,0.05,0
886,Static,,3,84,84,1.4,0,3,300,50.0,75.0,0.05,0
887,Static,,3,68,68,1.1333333333333333,0,3,300,50.0,75.0,0.05,0
888,Static,,3,47,47,0.7833333333333333,0,3,300,50.0,75.0,0.05,0
889,Static,,3,55,55,0.9166666666666666,0,3,300,50.0,75.0,0.05,0
890,Static,,3,63,63,1.05,0,3,300,50.0,75.0,0.05,0
891,Static,,3,66,66,1.1,0,3,300,50.0,75.0,0.05,0
892,Static,,3,67,67,1.1166666666666667,0,3,300,50.0,75.0,0.05,0
893,Static,,3,71,71,1.1833333333333333,0,3,300,50.0,75.0,0.05,0
894,Static,,3,68,68,1.1333333333333333,0,3,300,50.0,75.0,0.05,0
895,Static,,3,81,81,1.35,0,3,300,50.0,75.0,0.05,0
896,Static,,3,64,64,1.0666666666666667,0,3,300,50.0,75.0,0.05,0
897,Static,,3,62,62,1.0333333333333334,0,3,300,50.0,75.0,0.05,0
898,Static,,3,75,75,1.25,0,3,300,50.0,75.0,0.05,0
899,Static,,3,55,55,0.9166666666666666,0,3,300,50.0,75.0,0.05,0
900,Static,,3,73,73,1.2166666666666666,0,3,300,50.0,75.0,0.05,0
901,Static,,3,70,70,1.1666666666666667,0,3,300,50.0,75.0,0.05,0
902,Static,,3,68,68,1.1333333333333333,0,3,300,50.0,75.0,0.05,0
903,Static,,3,140,140,2.3333333333333335,0,3,300,50.0,75.0,0.05,0
904,Static,,3,63,63,1.05,0,3,300,50.0,75.0,0.05,0
905,Static,,3,89,89,1.4833333333333334,0,3,300,50.0,75.0,0.05,0
906,Static,,3,66,66,1.1,0,3,300,50.0,75.0,0.05,0
907,Static,,3,56,56,0.9333333333333333,0,3,300,50.0,75.0,0.05,0
908,Static,,3,69,69,1.15,0,3,300,50.0,75.0,0.05,0
909,Static,,3,58,58,0.9666666666666667,0,3,300,50.0,75.0,0.05,0
910,Static,,3,61,61,1.0166666666666666,0,3,300,50.0,75.0,0.05,0
911,Static,,3,72,72,1.2,0,3,300,50.0,75.0,0.05,0
912,Static,,3,74,74,1.2333333333333334,0,3,300,50.0,75.0,0.05,0
913,Static,,3,62,62,1.0333333333333334,0,3,300,50.0,75.0,0.05,0
914,Static,,3,78,78,1.3,0,3,300,50.0,75.0,0.05,0
915,Static,,3,79,79,1.3166666666666667,0,3,300,50.0,75.0,0.05,0
916,Static,,3,82,82,1.3666666666666667,0,3,300,50.0,75.0,0.05,0
917,Static,,3,73,73,1.2166666666666666,0,3,300,50.0,75.0,0.05,0
918,Static,,3,81,81,1.35,0,3,300,50.0,75.0,0.05,0
919,Static,,3,48,48,0.8,0,3,300,50.0,75.0,0.05,0
920,Static,,3,64,64,1.0666666666666667,0,3,300,50.0,75.0,0.05,0
921,Static,,3,58,58,0.9666666666666667,0,3,300,50.0,75.0,0.05,0
922,Static,,3,68,68,1.1333333333333333,0,3,300,50.0,75.0,0.05,0
923,Static,,3,61,61,1.0166666666666666,0,3,300,50.0,75.0,0.05,0
924,Static,,3,65,65,1.0833333333333333,0,3,300,50.0,75.0,0.05,0
925,Static,,3,85,85,1.4166666666666667,0,3,300,50.0,75.0,0.05,0
926,Static,,3,65,65,1.0833333333333333,0,3,300,50.0,75.0,0.05,0
927,Static,,3,70,70,1.1666666666666667,0,3,300,50.0,75.0,0.05,0
928,Static,,3,64,64,1.0666666666666667,0,3,300,50.0,75.0,0.05,0
929,Static,,3,67,67,1.1166666666666667,0,3,300,50.0,75.0,0.05,0
930,Static,,3,66,66,1.1,0,3,300,50.0,75.0,0.05,0
931,Static,,3,70,70,1.1666666666666667,0,3,300,50.0,75.0,0.05,0
932,Static,,3,77,77,1.2833333333333334,0,3,300,50.0,75.0,0.05,0
933,Static,,3,82,82,1.3666666666666667,0,3,300,50.0,75.0,0.05,0
934,Static,,3,69,69,1.15,0,3,300,50.0,75.0,0.05,0
935,Static,,3,71,71,1.1833333333333333,0,3,300,50.0,75.0,0.05,0
936,Static,,3,54,54,0.9,0,3,300,50.0,75.0,0.05,0
937,Static,,3,64,64,1.0666666666666667,0,3,300,50.0,75.0,0.05,0
938,Static,,3,75,75,1.25,0,3,300,50.0,75.0,0.05,0
939,Static,,3,74,74,1.2333333333333334,0,3,300,50.0,75.0,0.05,0
940,Static,,3,67,67,1.1166666666666667,0,3,300,50.0,75.0,0.05,0
941,Static,,3,74,74,1.2333333333333334,0,3,300,50.0,75.0,0.05,0
942,Static,,3,70,70,1.1666666666666667,0,3,300,50.0,75.0,0.05,0
943,Static,,3,77,77,1.2833333333333334,0,3,300,50.0,75.0,0.05,0
944,Static,,3,67,67,1.1166666666666667,0,3,300,50.0,75.0,0.05,0
945,Static,,3,61,61,1.0166666666666666,0,3,300,50.0,75.0,0.05,0
946,Static,,3,68,68,1.1333333333333333,0,3,300,50.0,75.0,0.05,0
947,Static,,3,35,35,0.5833333333333334,0,3,300,50.0,75.0,0.05,0
948,Static,,3,68,68,1.1333333333333333,0,3,300,50.0,75.0,0.05,0
949,Static,,3,28,28,0.4666666666666667,0,3,300,50.0,75.0,0.05,0
950,Static,,3,47,47,0.7833333333333333,0,3,300,50.0,75.0,0.05,0
951,Static,,3,68,68,1.1333333333333333,0,3,300,50.0,75.0,0.05,0
952,Static,,3,69,69,1.15,0,3,300,50.0,75.0,0.05,0
953,Static,,3,52,52,0.8666666666666667,0,3,300,50.0,75.0,0.05,0
954,Static,,3,57,57,0.95,0,3,300,50.0,75.0,0.05,0
955,Static,,3,77,77,1.2833333333333334,0,3,300,50.0,75.0,0.05,0
956,Static,,3,59,59,0.9833333333333333,0,3,300,50.0,75.0,0.05,0
957,Static,,3,86,86,1.4333333333333333,0,3,300,50.0,75.0,0.05,0
958,Static,,3,63,63,1.05,0,3,300,50.0,75.0,0.05,0
959,Static,,3,67,67,1.1166666666666667,0,3,300,50.0,75.0,0.05,0
960,Static,,3,79,79,1.3166666666666667,0,3,300,50.0,75.0,0.05,0
961,Static,,3,64,64,1.0666666666666667,0,3,300,50.0,75.0,0.05,0
962,Static,,3,52,52,0.8666666666666667,0,3,300,50.0,75.0,0.05,0
963,Static,,3,61,61,1.0166666666666666,0,3,300,50.0,75.0,0.05,0
964,Static,,3,62,62,1.0333333333333334,0,3,300,50.0,75.0,0.05,0
965,Static,,3,48,48,0.8,0,3,300,50.0,75.0,0.05,0
966,Static,,3,59,59,0.9833333333333333,0,3,300,50.0,75.0,0.05,0
967,Static,,3,54,54,0.9,0,3,300,50.0,75.0,0.05,0
968,Static,,3,71,71,1.1833333333333333,0,3,300,50.0,75.0,0.05,0
969,Static,,3,62,62,1.0333333333333334,0,3,300,50.0,75.0,0.05,0
970,Static,,3,59,59,0.9833333333333333,0,3,300,50.0,75.0,0.05,0
971,Static,,3,60,60,1.0,0,3,300,50.0,75.0,0.05,0
972,Static,,3,64,64,1.0666666666666667,0,3,300,50.0,75.0,0.05,0
973,Static,,3,67,67,1.1166666666666667,0,3,300,50.0,75.0,0.05,0
974,Static,,3,51,51,0.85,0,3,300,50.0,75.0,0.05,0
975,Static,,3,51,51,0.85,0,3,300,50.0,75.0,0.05,0
976,Static,,3,72,72,1.2,0,3,300,50.0,75.0,0.05,0
977,Static,,3,57,57,0.95,0,3,300,50.0,75.0,0.05,0
978,Static,,3,47,47,0.7833333333333333,0,3,300,50.0,75.0,0.05,0
979,Static,,3,65,65,1.0833333333333333,0,3,300,50.0,75.0,0.05,0
980,Static,,3,65,65,1.0833333333333333,0,3,300,50.0,75.0,0.05,0
981,Static,,3,45,45,0.75,0,3,300,50.0,75.0,0.05,0
982,Static,,3,63,63,1.05,0,3,300,50.0,75.0,0.05,0
983,Static,,3,68,68,1.1333333333333333,0,3,300,50.0,75.0,0.05,0
984,Static,,3,64,64,1.0666666666666667,0,3,300,50.0,75.0,0.05,0
985,Static,,3,67,67,1.1166666666666667,0,3,300,50.0,75.0,0.05,0
986,Static,,3,46,46,0.7666666666666667,0,3,300,50.0,75.0,0.05,0
987,Static,,3,64,64,1.0666666666666667,0,3,300,50.0,75.0,0.05,0
988,Static,,3,57,57,0.95,0,3,300,50.0,75.0,0.05,0
989,Static,,3,55,55,0.9166666666666666,0,3,300,50.0,75.0,0.05,0
990,Static,,3,69,69,1.15,0,3,300,50.0,75.0,0.05,0
991,Static,,3,75,75,1.25,0,3,300,50.0,75.0,0.05,0
992,Static,,3,78,78,1.3,0,3,300,50.0,75.0,0.05,0
993,Static,,3,73,73,1.2166666666666666,0,3,300,50.0,75.0,0.05,0
994,Static,,3,59,59,0.9833333333333333,0,3,300,50.0,75.0,0.05,0
995,Static,,3,63,63,1.05,0,3,300,50.0,75.0,0.05,0
996,Static,,3,67,67,1.1166666666666667,0,3,300,50.0,75.0,0.05,0
997,Static,,3,61,61,1.0166666666666666,0,3,300,50.0,75.0,0.05,0
998,Static,,3,61,61,1.0166666666666666,0,3,300,50.0,75.0,0.05,0
999,Static,,3,68,68,1.1333333333333333,0,3,300,50.0,75.0,0.05,0
1000,Static,,3,59,59,0.9833333333333333,0,3,300,50.0,75.0,0.05,0
1001,Static,,3,52,52,0.8666666666666667,0,3,300,50.0,75.0,0.05,0
1002,Static,,3,55,55,0.9166666666666666,0,3,300,50.0,75.0,0.05,0
1003,Static,,3,66,66,1.1,0,3,300,50.0,75.0,0.05,0
1004,Static,,3,59,59,0.9833333333333333,0,3,300,50.0,75.0,0.05,0
1005,Static,,3,63,63,1.05,0,3,300,50.0,75.0,0.05,0
1006,Static,,3,66,66,1.1,0,3,300,50.0,75.0,0.05,0
1007,Static,,3,55,55,0.9166666666666666,0,3,300,50.0,75.0,0.05,0
1008,Static,,3,67,67,1.1166666666666667,0,3,300,50.0,75.0,0.05,0
1009,Static,,3,63,63,1.05,0,3,300,50.0,75.0,0.05,0
1010,Static,,3,47,47,0.7833333333333333,0,3,300,50.0,75.0,0.05,0
1011,Static,,3,73,73,1.2166666666666666,0,3,300,50.0,75.0,0.05,0
1012,Static,,3,54,54,0.9,0,3,300,50.0,75.0,0.05,0
1013,Static,,3,42,42,0.7,0,3,300,50.0,75.0,0.05,0
1014,Static,,3,48,48,0.8,0,3,300,50.0,75.0,0.05,0
1015,Static,,3,48,48,0.8,0,3,300,50.0,75.0,0.05,0
1016,Static,,3,59,59,0.9833333333333333,0,3,300,50.0,75.0,0.05,0
1017,Static,,3,56,56,0.9333333333333333,0,3,300,50.0,75.0,0.05,0
1018,Static,,3,55,55,0.9166666666666666,0,3,300,50.0,75.0,0.05,0
1019,Static,,3,65,65,1.0833333333333333,0,3,300,50.0,75.0,0.05,0
1020,Static,,3,61,61,1.0166666666666666,0,3,300,50.0,75.0,0.05,0
1021,Static,,3,61,61,1.0166666666666666,0,3,300,50.0,75.0,0.05,0
1022,Static,,3,62,62,1.0333333333333334,0,3,300,50.0,75.0,0.05,0
1023,Static,,3,64,64,1.0666666666666667,0,3,300,50.0,75.0,0.05,0
1024,Static,,3,36,36,0.6,0,3,300,50.0,75.0,0.05,0
1025,Static,,3,54,54,0.9,0,3,300,50.0,75.0,0.05,0
1026,Static,,3,36,36,0.6,0,3,300,50.0,75.0,0.05,0
1027,Static,,3,58,58,0.9666666666666667,0,3,300,50.0,75.0,0.05,0
1028,Static,,3,57,57,0.95,0,3,300,50.0,75.0,0.05,0
1029,Static,,3,68,68,1.1333333333333333,0,3,300,50.0,75.0,0.05,0
1030,Static,,3,69,69,1.15,0,3,300,50.0,75.0,0.05,0
1031,Static,,3,59,59,0.9833333333333333,0,3,300,50.0,75.0,0.05,0
1032,Static,,3,52,52,0.8666666666666667,0,3,300,50.0,75.0,0.05,0
1033,Static,,3,62,62,1.0333333333333334,0,3,300,50.0,75.0,0.05,0
1034,Static,,3,52,52,0.8666666666666667,0,3,300,50.0,75.0,0.05,0
1035,Static,,3,57,57,0.95,0,3,300,50.0,75.0,0.05,0
1036,Static,,3,67,67,1.1166666666666667,0,3,300,50.0,75.0,0.05,0
1037,Static,,3,51,51,0.85,0,3,300,50.0,75.0,0.05,0
1038,Static,,3,65,65,1.0833333333333333,0,3,300,50.0,75.0,0.05,0
1039,Static,,3,64,64,1.0666666666666667,0,3,300,50.0,75.0,0.05,0
1040,Static,,3,47,47,0.7833333333333333,0,3,300,50.0,75.0,0.05,0
1041,Static,,3,67,67,1.1166666666666667,0,3,300,50.0,75.0,0.05,0
1042,Static,,3,64,64,1.0666666666666667,0,3,300,50.0,75.0,0.05,0
1043,Static,,3,58,58,0.9666666666666667,0,3,300,50.0,75.0,0.05,0
1044,Static,,3,49,49,0.8166666666666667,0,3,300,50.0,75.0,0.05,0
1045,Static,,3,48,48,0.8,0,3,300,50.0,75.0,0.05,0
1046,Static,,3,51,51,0.85,0,3,300,50.0,75.0,0.05,0
1047,Static,,3,62,62,1.0333333333333334,0,3,300,50.0,75.0,0.05,0
1048,Static,,3,47,47,0.7833333333333333,0,3,300,50.0,75.0,0.05,0
1049,Static,,3,61,61,1.0166666666666666,0,3,300,50.0,75.0,0.05,0
1050,Static,,3,44,44,0.7333333333333333,0,3,300,50.0,75.0,0.05,0
1051,Static,,3,55,55,0.9166666666666666,0,3,300,50.0,75.0,0.05,0
1052,Static,,3,58,58,0.9666666666666667,0,3,300,50.0,75.0,0.05,0
1053,Static,,3,81,81,1.35,0,3,300,50.0,75.0,0.05,0
1054,Static,,3,43,43,0.7166666666666667,0,3,300,50.0,75.0,0.05,0
1055,Static,,3,71,71,1.1833333333333333,0,3,300,50.0,75.0,0.05,0
1056,Static,,3,58,58,0.9666666666666667,0,3,300,50.0,75.0,0.05,0
1057,Static,,3,61,61,1.0166666666666666,0,3,300,50.0,75.0,0.05,0
1058,Static,,3,58,58,0.9666666666666667,0,3,300,50.0,75.0,0.05,0
1059,Static,,3,61,61,1.0166666666666666,0,3,300,50.0,75.0,0.05,0
1060,Static,,3,55,55,0.9166666666666666,0,3,300,50.0,75.0,0.05,0
1061,Static,,3,71,71,1.1833333333333333,0,3,300,50.0,75.0,0.05,0
1062,Static,,3,52,52,0.8666666666666667,0,3,300,50.0,75.0,0.05,0
1063,Static,,3,68,68,1.1333333333333333,0,3,300,50.0,75.0,0.05,0
1064,Static,,3,50,50,0.8333333333333334,0,3,300,50.0,75.0,0.05,0
1065,Static,,3,56,56,0.9333333333333333,0,3,300,50.0,75.0,0.05,0
1066,Static,,3,46,46,0.7666666666666667,0,3,300,50.0,75.0,0.05,0
1067,Static,,3,61,61,1.0166666666666666,0,3,300,50.0,75.0,0.05,0
1068,Static,,3,71,71,1.1833333333333333,0,3,300,50.0,75.0,0.05,0
1069,Static,,3,56,56,0.9333333333333333,0,3,300,50.0,75.0,0.05,0
1070,Static,,3,54,54,0.9,0,3,300,50.0,75.0,0.05,0
1071,Static,,3,45,45,0.75,0,3,300,50.0,75.0,0.05,0
1072,Static,,3,54,54,0.9,0,3,300,50.0,75.0,0.05,0
1073,Static,,3,40,40,0.6666666666666666,0,3,300,50.0,75.0,0.05,0
1074,Static,,3,47,47,0.7833333333333333,0,3,300,50.0,75.0,0.05,0
1075,Static,,3,59,59,0.9833333333333333,0,3,300,50.0,75.0,0.05,0
1076,Static,,3,69,69,1.15,0,3,300,50.0,75.0,0.05,0
1077,Static,,3,84,84,1.4,0,3,300,50.0,75.0,0.05,0
1078,Static,,3,50,50,0.8333333333333334,0,3,300,50.0,75.0,0.05,0
1079,Static,,3,71,71,1.1833333333333333,0,3,300,50.0,75.0,0.05,0
1080,Static,,3,108,108,1.8,0,3,300,50.0,75.0,0.05,0
1081,Static,,3,104,104,1.7333333333333334,0,3,300,50.0,75.0,0.05,0
1082,Static,,3,110,110,1.8333333333333333,0,3,300,50.0,75.0,0.05,0
1083,Static,,3,106,106,1.7666666666666666,0,3,300,50.0,75.0,0.05,0
1084,Static,,3,107,107,1.7833333333333334,0,3,300,50.0,75.0,0.05,0
1085,Static,,3,101,101,1.6833333333333333,0,3,300,50.0,75.0,0.05,0
1086,Static,,3,92,92,1.5333333333333334,0,3,300,50.0,75.0,0.05,0
1087,Static,,3,90,90,1.5,0,3,300,50.0,75.0,0.05,0
1088,Static,,3,112,112,1.8666666666666667,0,3,300,50.0,75.0,0.05,0
1089,Static,,3,103,103,1.7166666666666666,0,3,300,50.0,75.0,0.05,0
1090,Static,,3,100,100,1.6666666666666667,0,3,300,50.0,75.0,0.05,0
1091,Static,,3,106,106,1.7666666666666666,0,3,300,50.0,75.0,0.05,0
1092,Static,,3,114,114,1.9,0,3,300,50.0,75.0,0.05,0
1093,Static,,3,107,107,1.7833333333333334,0,3,300,50.0,75.0,0.05,0
1094,Static,,3,99,99,1.65,0,3,300,50.0,75.0,0.05,0
1095,Static,,3,118,118,1.9666666666666666,0,3,300,50.0,75.0,0.05,0
1096,Static,,3,121,121,2.0166666666666666,0,3,300,50.0,75.0,0.05,0
1097,Static,,3,111,111,1.85,0,3,300,50.0,75.0,0.05,0
1098,Static,,3,115,115,1.9166666666666667,0,3,300,50.0,75.0,0.05,0
1099,Static,,3,118,118,1.9666666666666666,0,3,300,50.0,75.0,0.05,0
1100,Static,,3,117,117,1.95,0,3,300,50.0,75.0,0.05,0
1101,Static,,3,112,112,1.8666666666666667,0,3,300,50.0,75.0,0.05,0
1102,Static,,3,112,112,1.8666666666666667,0,3,300,50.0,75.0,0.05,0
1103,Static,,3,111,111,1.85,0,3,300,50.0,75.0,0.05,0
1104,Static,,3,264,264,4.4,0,3,300,50.0,75.0,0.05,0
1105,Static,,3,113,113,1.8833333333333333,0,3,300,50.0,75.0,0.05,0
1106,Static,,3,92,92,1.5333333333333334,0,3,300,50.0,75.0,0.05,0
1107,Static,,3,98,98,1.6333333333333333,0,3,300,50.0,75.0,0.05,0
1108,Static,,3,119,119,1.9833333333333334,0,3,300,50.0,75.0,0.05,0
1109,Static,,3,114,114,1.9,0,3,300,50.0,75.0,0.05,0
1110,Static,,3,121,121,2.0166666666666666,0,3,300,50.0,75.0,0.05,0
1111,Static,,3,103,103,1.7166666666666666,0,3,300,50.0,75.0,0.05,0
1112,Static,,3,94,94,1.5666666666666667,0,3,300,50.0,75.0,0.05,0
1113,Static,,3,104,104,1.7333333333333334,0,3,300,50.0,75.0,0.05,0
1114,Static,,3,107,107,1.7833333333333334,0,3,300,50.0,75.0,0.05,0
1115,Static,,3,107,107,1.7833333333333334,0,3,300,50.0,75.0,0.05,0
1116,Static,,3,117,117,1.95,0,3,300,50.0,75.0,0.05,0
1117,Static,,3,102,102,1.7,0,3,300,50.0,75.0,0.05,0
1118,Static,,3,110,110,1.8333333333333333,0,3,300,50.0,75.0,0.05,0
1119,Static,,3,96,96,1.6,0,3,300,50.0,75.0,0.05,0
1120,Static,,3,111,111,1.85,0,3,300,50.0,75.0,0.05,0
1121,Static,,3,306,300,5.0,6,3,300,54.0,85.0,0.05,0
1122,Static,,3,299,300,5.0,5,3,300,53.333333333333336,83.33333333333333,0.05,0
1123,Static,,3,304,300,5.0,9,3,300,56.0,90.0,0.05,0
1124,Static,,3,304,300,5.0,13,3,300,58.666666666666664,96.66666666666667,0.05,0
1125,Static,,3,304,300,5.0,17,3,300,61.333333333333336,103.33333333333333,0.05,0
1126,Static,,3,324,300,5.0,41,3,300,77.33333333333333,143.33333333333334,0.05,0
1127,Static,,3,305,300,5.0,46,3,300,80.66666666666667,151.66666666666666,0.05,0
1128,Static,,3,304,300,5.0,50,3,300,83.33333333333334,158.33333333333334,0.05,0
1129,Static,,3,285,300,5.0,35,3,300,73.33333333333333,133.33333333333334,0.05,0
1130,Static,,3,298,300,5.0,33,3,300,72.0,130.0,0.05,0
1131,Static,,3,304,300,5.0,37,3,300,74.66666666666667,136.66666666666666,0.05,0
1132,Static,,3,300,300,5.0,37,3,300,74.66666666666667,136.66666666666666,0.05,0
1133,Static,,3,120,157,2.6166666666666667,0,3,300,50.0,75.0,0.05,0
1134,Static,,3,105,105,1.75,0,3,300,50.0,75.0,0.05,0
1135,Static,,3,120,120,2.0,0,3,300,50.0,75.0,0.05,0
1136,Static,,3,107,107,1.7833333333333334,0,3,300,50.0,75.0,0.05,0
1137,Static,,3,107,107,1.7833333333333334,0,3,300,50.0,75.0,0.05,0
1138,Static,,3,106,106,1.7666666666666666,0,3,300,50.0,75.0,0.05,0
1139,Static,,3,107,107,1.7833333333333334,0,3,300,50.0,75.0,0.05,0
1140,Static,,3,123,123,2.05,0,3,300,50.0,75.0,0.05,0
1141,Static,,3,83,83,1.3833333333333333,0,3,300,50.0,75.0,0.05,0
1142,Static,,3,86,86,1.4333333333333333,0,3,300,50.0,75.0,0.05,0
1143,Static,,3,101,101,1.6833333333333333,0,3,300,50.0,75.0,0.05,0
1144,Static,,3,107,107,1.7833333333333334,0,3,300,50.0,75.0,0.05,0
1145,Static,,3,113,113,1.8833333333333333,0,3,300,50.0,75.0,0.05,0
1146,Static,,3,111,111,1.85,0,3,300,50.0,75.0,0.05,0
1147,Static,,3,103,103,1.7166666666666666,0,3,300,50.0,75.0,0.05,0
1148,Static,,3,117,117,1.95,0,3,300,50.0,75.0,0.05,0
1149,Static,,3,117,117,1.95,0,3,300,50.0,75.0,0.05,0
1150,Static,,3,109,109,1.8166666666666667,0,3,300,50.0,75.0,0.05,0
1151,Static,,3,116,116,1.9333333333333333,0,3,300,50.0,75.0,0.05,0
1152,Static,,3,110,110,1.8333333333333333,0,3,300,50.0,75.0,0.05,0
1153,Static,,3,101,101,1.6833333333333333,0,3,300,50.0,75.0,0.05,0
1154,Static,,3,114,114,1.9,0,3,300,50.0,75.0,0.05,0
1155,Static,,3,108,108,1.8,0,3,300,50.0,75.0,0.05,0
1156,Static,,3,107,107,1.7833333333333334,0,3,300,50.0,75.0,0.05,0
1157,Static,,3,122,122,2.033333333333333,0,3,300,50.0,75.0,0.05,0
1158,Static,,3,83,83,1.3833333333333333,0,3,300,50.0,75.0,0.05,0
1159,Static,,3,93,93,1.55,0,3,300,50.0,75.0,0.05,0
1160,Static,,3,95,95,1.5833333333333333,0,3,300,50.0,75.0,0.05,0
1161,Static,,3,104,104,1.7333333333333334,0,3,300,50.0,75.0,0.05,0
1162,Static,,3,105,105,1.75,0,3,300,50.0,75.0,0.05,0
1163,Static,,3,92,92,1.5333333333333334,0,3,300,50.0,75.0,0.05,0
1164,Static,,3,98,98,1.6333333333333333,0,3,300,50.0,75.0,0.05,0
1165,Static,,3,99,99,1.65,0,3,300,50.0,75.0,0.05,0
1166,Static,,3,132,132,2.2,0,3,300,50.0,75.0,0.05,0
1167,Static,,3,126,126,2.1,0,3,300,50.0,75.0,0.05,0
1168,Static,,3,104,104,1.7333333333333334,0,3,300,50.0,75.0,0.05,0
1169,Static,,3,104,104,1.7333333333333334,0,3,300,50.0,75.0,0.05,0
1170,Static,,3,96,96,1.6,0,3,300,50.0,75.0,0.05,0
1171,Static,,3,89,89,1.4833333333333334,0,3,300,50.0,75.0,0.05,0
1172,Static,,3,107,107,1.7833333333333334,0,3,300,50.0,75.0,0.05,0
1173,Static,,3,98,98,1.6333333333333333,0,3,300,50.0,75.0,0.05,0
1174,Static,,3,107,107,1.7833333333333334,0,3,300,50.0,75.0,0.05,0
1175,Static,,3,92,92,1.5333333333333334,0,3,300,50.0,75.0,0.05,0
1176,Static,,3,101,101,1.6833333333333333,0,3,300,50.0,75.0,0.05,0
1177,Static,,3,110,110,1.8333333333333333,0,3,300,50.0,75.0,0.05,0
1178,Static,,3,112,112,1.8666666666666667,0,3,300,50.0,75.0,0.05,0
1179,Static,,3,313,300,5.0,13,3,300,58.666666666666664,96.66666666666667,0.05,0
1180,Static,,3,295,300,5.0,8,3,300,55.333333333333336,88.33333333333333,0.05,0
1181,Static,,3,317,300,5.0,25,3,300,66.66666666666667,116.66666666666667,0.05,0
1182,Static,,3,301,300,5.0,26,3,300,67.33333333333333,118.33333333333333,0.05,0
1183,Static,,3,315,300,5.0,41,3,300,77.33333333333333,143.33333333333334,0.05,0
1184,Static,,3,309,300,5.0,50,3,300,83.33333333333334,158.33333333333334,0.05,0
1185,Static,,3,295,300,5.0,45,3,300,80.0,150.0,0.05,0
1186,Static,,3,306,300,5.0,51,3,300,84.0,160.0,0.05,0
1187,Static,,3,313,300,5.0,64,3,300,92.66666666666666,181.66666666666666,0.05,0
1188,Static,,3,315,300,5.0,79,3,300,102.66666666666666,206.66666666666666,0.05,0
1189,Static,,3,308,300,5.0,87,3,300,108.0,220.0,0.05,0
1190,Static,,3,325,300,5.0,112,3,300,124.66666666666667,261.6666666666667,0.05,0
1191,Static,,3,119,231,3.85,0,3,300,50.0,75.0,0.05,0
1192,Static,,3,107,107,1.7833333333333334,0,3,300,50.0,75.0,0.05,0
1193,Static,,3,117,117,1.95,0,3,300,50.0,75.0,0.05,0
1194,Static,,3,129,129,2.15,0,3,300,50.0,75.0,0.05,0
1195,Static,,3,129,129,2.15,0,3,300,50.0,75.0,0.05,0
1196,Static,,3,98,98,1.6333333333333333,0,3,300,50.0,75.0,0.05,0
1197,Static,,3,101,101,1.6833333333333333,0,3,300,50.0,75.0,0.05,0
1198,Static,,3,125,125,2.0833333333333335,0,3,300,50.0,75.0,0.05,0
1199,Static,,3,100,100,1.6666666666666667,0,3,300,50.0,75.0,0.05,0
1200,Static,,3,96,96,1.6,0,3,300,50.0,75.0,0.05,0
1201,Static,,3,105,105,1.75,0,3,300,50.0,75.0,0.05,0
1202,Static,,3,114,114,1.9,0,3,300,50.0,75.0,0.05,0
1203,Static,,3,109,109,1.8166666666666667,0,3,300,50.0,75.0,0.05,0
1204,Static,,3,103,103,1.7166666666666666,0,3,300,50.0,75.0,0.05,0
1205,Static,,3,103,103,1.7166666666666666,0,3,300,50.0,75.0,0.05,0
1206,Static,,3,103,103,1.7166666666666666,0,3,300,50.0,75.0,0.05,0
1207,Static,,3,101,101,1.6833333333333333,0,3,300,50.0,75.0,0.05,0
1208,Static,,3,133,133,2.216666666666667,0,3,300,50.0,75.0,0.05,0
1209,Static,,3,113,113,1.8833333333333333,0,3,300,50.0,75.0,0.05,0
1210,Static,,3,119,119,1.9833333333333334,0,3,300,50.0,75.0,0.05,0
1211,Static,,3,106,106,1.7666666666666666,0,3,300,50.0,75.0,0.05,0
1212,Static,,3,109,109,1.8166666666666667,0,3,300,50.0,75.0,0.05,0
1213,Static,,3,104,104,1.7333333333333334,0,3,300,50.0,75.0,0.05,0
1214,Static,,3,84,84,1.4,0,3,300,50.0,75.0,0.05,0
1215,Static,,3,97,97,1.6166666666666667,0,3,300,50.0,75.0,0.05,0
1216,Static,,3,93,93,1.55,0,3,300,50.0,75.0,0.05,0
1217,Static,,3,89,89,1.4833333333333334,0,3,300,50.0,75.0,0.05,0
1218,Static,,3,99,99,1.65,0,3,300,50.0,75.0,0.05,0
1219,Static,,3,124,124,2.066666666666667,0,3,300,50.0,75.0,0.05,0
1220,Static,,3,111,111,1.85,0,3,300,50.0,75.0,0.05,0
1221,Static,,3,124,124,2.066666666666667,0,3,300,50.0,75.0,0.05,0
1222,Static,,3,116,116,1.9333333333333333,0,3,300,50.0,75.0,0.05,0
1223,Static,,3,119,119,1.9833333333333334,0,3,300,50.0,75.0,0.05,0
1224,Static,,3,103,103,1.7166666666666666,0,3,300,50.0,75.0,0.05,0
1225,Static,,3,117,117,1.95,0,3,300,50.0,75.0,0.05,0
1226,Static,,3,119,119,1.9833333333333334,0,3,300,50.0,75.0,0.05,0
1227,Static,,3,106,106,1.7666666666666666,0,3,300,50.0,75.0,0.05,0
1228,Static,,3,118,118,1.9666666666666666,0,3,300,50.0,75.0,0.05,0
1229,Static,,3,118,118,1.9666666666666666,0,3,300,50.0,75.0,0.05,0
1230,Static,,3,107,107,1.7833333333333334,0,3,300,50.0,75.0,0.05,0
1231,Static,,3,101,101,1.6833333333333333,0,3,300,50.0,75.0,0.05,0
1232,Static,,3,101,101,1.6833333333333333,0,3,300,50.0,75.0,0.05,0
1233,Static,,3,114,114,1.9,0,3,300,50.0,75.0,0.05,0
1234,Static,,3,116,116,1.9333333333333333,0,3,300,50.0,75.0,0.05,0
1235,Static,,3,105,105,1.75,0,3,300,50.0,75.0,0.05,0
1236,Static,,3,113,113,1.8833333333333333,0,3,300,50.0,75.0,0.05,0
1237,Static,,3,119,119,1.9833333333333334,0,3,300,50.0,75.0,0.05,0
1238,Static,,3,119,119,1.9833333333333334,0,3,300,50.0,75.0,0.05,0
1239,Static,,3,129,129,2.15,0,3,300,50.0,75.0,0.05,0
1240,Static,,3,126,126,2.1,0,3,300,50.0,75.0,0.05,0
1241,Static,,3,104,104,1.7333333333333334,0,3,300,50.0,75.0,0.05,0
1242,Static,,3,131,131,2.183333333333333,0,3,300,50.0,75.0,0.05,0
1243,Static,,3,108,108,1.8,0,3,300,50.0,75.0,0.05,0
1244,Static,,3,124,124,2.066666666666667,0,3,300,50.0,75.0,0.05,0
1245,Static,,3,115,115,1.9166666666666667,0,3,300,50.0,75.0,0.05,0
1246,Static,,3,110,110,1.8333333333333333,0,3,300,50.0,75.0,0.05,0
1247,Static,,3,96,96,1.6,0,3,300,50.0,75.0,0.05,0
1248,Static,,3,113,113,1.8833333333333333,0,3,300,50.0,75.0,0.05,0
1249,Static,,3,99,99,1.65,0,3,300,50.0,75.0,0.05,0
1250,Static,,3,319,300,5.0,19,3,300,62.666666666666664,106.66666666666667,0.05,0
1251,Static,,3,130,149,2.4833333333333334,0,3,300,50.0,75.0,0.05,0
1252,Static,,3,107,107,1.7833333333333334,0,3,300,50.0,75.0,0.05,0
1253,Static,,3,118,118,1.9666666666666666,0,3,300,50.0,75.0,0.05,0
1254,Static,,3,108,108,1.8,0,3,300,50.0,75.0,0.05,0
1255,Static,,3,109,109,1.8166666666666667,0,3,300,50.0,75.0,0.05,0
1256,Static,,3,123,123,2.05,0,3,300,50.0,75.0,0.05,0
1257,Static,,3,115,115,1.9166666666666667,0,3,300,50.0,75.0,0.05,0
1258,Static,,3,133,133,2.216666666666667,0,3,300,50.0,75.0,0.05,0
1259,Static,,3,111,111,1.85,0,3,300,50.0,75.0,0.05,0
1260,Static,,3,125,125,2.0833333333333335,0,3,300,50.0,75.0,0.05,0
1261,Static,,3,116,116,1.9333333333333333,0,3,300,50.0,75.0,0.05,0
1262,Static,,3,123,123,2.05,0,3,300,50.0,75.0,0.05,0
1263,Static,,3,111,111,1.85,0,3,300,50.0,75.0,0.05,0
1264,Static,,3,115,115,1.9166666666666667,0,3,300,50.0,75.0,0.05,0
1265,Static,,3,115,115,1.9166666666666667,0,3,300,50.0,75.0,0.05,0
1266,Static,,3,107,107,1.7833333333333334,0,3,300,50.0,75.0,0.05,0
1267,Static,,3,123,123,2.05,0,3,300,50.0,75.0,0.05,0
1268,Static,,3,123,123,2.05,0,3,300,50.0,75.0,0.05,0
1269,Static,,3,122,122,2.033333333333333,0,3,300,50.0,75.0,0.05,0
1270,Static,,3,132,132,2.2,0,3,300,50.0,75.0,0.05,0
1271,Static,,3,131,131,2.183333333333333,0,3,300,50.0,75.0,0.05,0
1272,Static,,3,113,113,1.8833333333333333,0,3,300,50.0,75.0,0.05,0
1273,Static,,3,120,120,2.0,0,3,300,50.0,75.0,0.05,0
1274,Static,,3,111,111,1.85,0,3,300,50.0,75.0,0.05,0
1275,Static,,3,117,117,1.95,0,3,300,50.0,75.0,0.05,0
1276,Static,,3,111,111,1.85,0,3,300,50.0,75.0,0.05,0
1277,Static,,3,133,133,2.216666666666667,0,3,300,50.0,75.0,0.05,0
1278,Static,,3,121,121,2.0166666666666666,0,3,300,50.0,75.0,0.05,0
1279,Static,,3,115,115,1.9166666666666667,0,3,300,50.0,75.0,0.05,0
1280,Static,,3,130,130,2.1666666666666665,0,3,300,50.0,75.0,0.05,0
1281,Static,,3,96,96,1.6,0,3,300,50.0,75.0,0.05,0
1282,Static,,3,98,98,1.6333333333333333,0,3,300,50.0,75.0,0.05,0
1283,Static,,3,126,126,2.1,0,3,300,50.0,75.0,0.05,0
1284,Static,,3,119,119,1.9833333333333334,0,3,300,50.0,75.0,0.05,0
1285,Static,,3,121,121,2.0166666666666666,0,3,300,50.0,75.0,0.05,0
1286,Static,,3,105,105,1.75,0,3,300,50.0,75.0,0.05,0
1287,Static,,3,118,118,1.9666666666666666,0,3,300,50.0,75.0,0.05,0
1288,Static,,3,139,139,2.316666666666667,0,3,300,50.0,75.0,0.05,0
1289,Static,,3,127,127,2.1166666666666667,0,3,300,50.0,75.0,0.05,0
1290,Static,,3,121,121,2.0166666666666666,0,3,300,50.0,75.0,0.05,0
1291,Static,,3,115,115,1.9166666666666667,0,3,300,50.0,75.0,0.05,0
1292,Static,,3,115,115,1.9166666666666667,0,3,300,50.0,75.0,0.05,0
1293,Static,,3,98,98,1.6333333333333333,0,3,300,50.0,75.0,0.05,0
1294,Static,,3,122,122,2.033333333333333,0,3,300,50.0,75.0,0.05,0
1295,Static,,3,128,128,2.1333333333333333,0,3,300,50.0,75.0,0.05,0
1296,Static,,3,104,104,1.7333333333333334,0,3,300,50.0,75.0,0.05,0
1297,Static,,3,113,113,1.8833333333333333,0,3,300,50.0,75.0,0.05,0
1298,Static,,3,109,109,1.8166666666666667,0,3,300,50.0,75.0,0.05,0
1299,Static,,3,111,111,1.85,0,3,300,50.0,75.0,0.05,0
1300,Static,,3,121,121,2.0166666666666666,0,3,300,50.0,75.0,0.05,0
1301,Static,,3,100,100,1.6666666666666667,0,3,300,50.0,75.0,0.05,0
1302,Static,,3,127,127,2.1166666666666667,0,3,300,50.0,75.0,0.05,0
1303,Static,,3,128,128,2.1333333333333333,0,3,300,50.0,75.0,0.05,0
1304,Static,,3,119,119,1.9833333333333334,0,3,300,50.0,75.0,0.05,0
1305,Static,,3,96,96,1.6,0,3,300,50.0,75.0,0.05,0
1306,Static,,3,111,111,1.85,0,3,300,50.0,75.0,0.05,0
1307,Static,,3,134,134,2.2333333333333334,0,3,300,50.0,75.0,0.05,0
1308,Static,,3,94,94,1.5666666666666667,0,3,300,50.0,75.0,0.05,0
1309,Static,,3,118,118,1.9666666666666666,0,3,300,50.0,75.0,0.05,0
1310,Static,,3,110,110,1.8333333333333333,0,3,300,50.0,75.0,0.05,0
1311,Static,,3,130,130,2.1666666666666665,0,3,300,50.0,75.0,0.05,0
1312,Static,,3,115,115,1.9166666666666667,0,3,300,50.0,75.0,0.05,0
1313,Static,,3,126,126,2.1,0,3,300,50.0,75.0,0.05,0
1314,Static,,3,128,128,2.1333333333333333,0,3,300,50.0,75.0,0.05,0
1315,Static,,3,141,141,2.35,0,3,300,50.0,75.0,0.05,0
1316,Static,,3,121,121,2.0166666666666666,0,3,300,50.0,75.0,0.05,0
1317,Static,,3,127,127,2.1166666666666667,0,3,300,50.0,75.0,0.05,0
1318,Static,,3,108,108,1.8,0,3,300,50.0,75.0,0.05,0
1319,Static,,3,135,135,2.25,0,3,300,50.0,75.0,0.05,0
1320,Static,,3,65,65,1.0833333333333333,0,3,300,50.0,75.0,0.05,0
1321,Static,,3,67,67,1.1166666666666667,0,3,300,50.0,75.0,0.05,0
1322,Static,,3,73,73,1.2166666666666666,0,3,300,50.0,75.0,0.05,0
1323,Static,,3,58,58,0.9666666666666667,0,3,300,50.0,75.0,0.05,0
1324,Static,,3,76,76,1.2666666666666666,0,3,300,50.0,75.0,0.05,0
1325,Static,,3,83,83,1.3833333333333333,0,3,300,50.0,75.0,0.05,0
1326,Static,,3,77,77,1.2833333333333334,0,3,300,50.0,75.0,0.05,0
1327,Static,,3,58,58,0.9666666666666667,0,3,300,50.0,75.0,0.05,0
1328,Static,,3,73,73,1.2166666666666666,0,3,300,50.0,75.0,0.05,0
1329,Static,,3,81,81,1.35,0,3,300,50.0,75.0,0.05,0
1330,Static,,3,55,55,0.9166666666666666,0,3,300,50.0,75.0,0.05,0
1331,Static,,3,64,64,1.0666666666666667,0,3,300,50.0,75.0,0.05,0
1332,Static,,3,83,83,1.3833333333333333,0,3,300,50.0,75.0,0.05,0
1333,Static,,3,77,77,1.2833333333333334,0,3,300,50.0,75.0,0.05,0
1334,Static,,3,79,79,1.3166666666666667,0,3,300,50.0,75.0,0.05,0
1335,Static,,3,94,94,1.5666666666666667,0,3,300,50.0,75.0,0.05,0
1336,Static,,3,80,80,1.3333333333333333,0,3,300,50.0,75.0,0.05,0
1337,Static,,3,82,82,1.3666666666666667,0,3,300,50.0,75.0,0.05,0
1338,Static,,3,103,103,1.7166666666666666,0,3,300,50.0,75.0,0.05,0
1339,Static,,3,73,73,1.2166666666666666,0,3,300,50.0,75.0,0.05,0
1340,Static,,3,68,68,1.1333333333333333,0,3,300,50.0,75.0,0.05,0
1341,Static,,3,80,80,1.3333333333333333,0,3,300,50.0,75.0,0.05,0
1342,Static,,3,80,80,1.3333333333333333,0,3,300,50.0,75.0,0.05,0
1343,Static,,3,71,71,1.1833333333333333,0,3,300,50.0,75.0,0.05,0
1344,Static,,3,66,66,1.1,0,3,300,50.0,75.0,0.05,0
1345,Static,,3,100,100,1.6666666666666667,0,3,300,50.0,75.0,0.05,0
1346,Static,,3,80,80,1.3333333333333333,0,3,300,50.0,75.0,0.05,0
1347,Static,,3,70,70,1.1666666666666667,0,3,300,50.0,75.0,0.05,0
1348,Static,,3,86,86,1.4333333333333333,0,3,300,50.0,75.0,0.05,0
1349,Static,,3,76,76,1.2666666666666666,0,3,300,50.0,75.0,0.05,0
1350,Static,,3,75,75,1.25,0,3,300,50.0,75.0,0.05,0
1351,Static,,3,83,83,1.3833333333333333,0,3,300,50.0,75.0,0.05,0
1352,Static,,3,65,65,1.0833333333333333,0,3,300,50.0,75.0,0.05,0
1353,Static,,3,81,81,1.35,0,3,300,50.0,75.0,0.05,0
1354,Static,,3,97,97,1.6166666666666667,0,3,300,50.0,75.0,0.05,0
1355,Static,,3,83,83,1.3833333333333333,0,3,300,50.0,75.0,0.05,0
1356,Static,,3,75,75,1.25,0,3,300,50.0,75.0,0.05,0
1357,Static,,3,73,73,1.2166666666666666,0,3,300,50.0,75.0,0.05,0
1358,Static,,3,75,75,1.25,0,3,300,50.0,75.0,0.05,0
1359,Static,,3,76,76,1.2666666666666666,0,3,300,50.0,75.0,0.05,0
1360,Static,,3,75,75,1.25,0,3,300,50.0,75.0,0.05,0
1361,Static,,3,88,88,1.4666666666666666,0,3,300,50.0,75.0,0.05,0
1362,Static,,3,62,62,1.0333333333333334,0,3,300,50.0,75.0,0.05,0
1363,Static,,3,88,88,1.4666666666666666,0,3,300,50.0,75.0,0.05,0
1364,Static,,3,76,76,1.2666666666666666,0,3,300,50.0,75.0,0.05,0
1365,Static,,3,84,84,1.4,0,3,300,50.0,75.0,0.05,0
1366,Static,,3,69,69,1.15,0,3,300,50.0,75.0,0.05,0
1367,Static,,3,93,93,1.55,0,3,300,50.0,75.0,0.05,0
1368,Static,,3,93,93,1.55,0,3,300,50.0,75.0,0.05,0
1369,Static,,3,90,90,1.5,0,3,300,50.0,75.0,0.05,0
1370,Static,,3,66,66,1.1,0,3,300,50.0,75.0,0.05,0
1371,Static,,3,89,89,1.4833333333333334,0,3,300,50.0,75.0,0.05,0
1372,Static,,3,85,85,1.4166666666666667,0,3,300,50.0,75.0,0.05,0
1373,Static,,3,65,65,1.0833333333333333,0,3,300,50.0,75.0,0.05,0
1374,Static,,3,81,81,1.35,0,3,300,50.0,75.0,0.05,0
1375,Static,,3,85,85,1.4166666666666667,0,3,300,50.0,75.0,0.05,0
1376,Static,,3,87,87,1.45,0,3,300,50.0,75.0,0.05,0
1377,Static,,3,84,84,1.4,0,3,300,50.0,75.0,0.05,0
1378,Static,,3,85,85,1.4166666666666667,0,3,300,50.0,75.0,0.05,0
1379,Static,,3,97,97,1.6166666666666667,0,3,300,50.0,75.0,0.05,0
1380,Static,,3,94,94,1.5666666666666667,0,3,300,50.0,75.0,0.05,0
1381,Static,,3,53,53,0.8833333333333333,0,3,300,50.0,75.0,0.05,0
1382,Static,,3,79,79,1.3166666666666667,0,3,300,50.0,75.0,0.05,0
1383,Static,,3,81,81,1.35,0,3,300,50.0,75.0,0.05,0
1384,Static,,3,65,65,1.0833333333333333,0,3,300,50.0,75.0,0.05,0
1385,Static,,3,83,83,1.3833333333333333,0,3,300,50.0,75.0,0.05,0
1386,Static,,3,95,95,1.5833333333333333,0,3,300,50.0,75.0,0.05,0
1387,Static,,3,72,72,1.2,0,3,300,50.0,75.0,0.05,0
1388,Static,,3,86,86,1.4333333333333333,0,3,300,50.0,75.0,0.05,0
1389,Static,,3,74,74,1.2333333333333334,0,3,300,50.0,75.0,0.05,0
1390,Static,,3,77,77,1.2833333333333334,0,3,300,50.0,75.0,0.05,0
1391,Static,,3,98,98,1.6333333333333333,0,3,300,50.0,75.0,0.05,0
1392,Static,,3,78,78,1.3,0,3,300,50.0,75.0,0.05,0
1393,Static,,3,88,88,1.4666666666666666,0,3,300,50.0,75.0,0.05,0
1394,Static,,3,65,65,1.0833333333333333,0,3,300,50.0,75.0,0.05,0
1395,Static,,3,103,103,1.7166666666666666,0,3,300,50.0,75.0,0.05,0
1396,Static,,3,90,90,1.5,0,3,300,50.0,75.0,0.05,0
1397,Static,,3,83,83,1.3833333333333333,0,3,300,50.0,75.0,0.05,0
1398,Static,,3,90,90,1.5,0,3,300,50.0,75.0,0.05,0
1399,Static,,3,180,180,3.0,0,3,300,50.0,75.0,0.05,0
1400,Static,,3,97,97,1.6166666666666667,0,3,300,50.0,75.0,0.05,0
1401,Static,,3,82,82,1.3666666666666667,0,3,300,50.0,75.0,0.05,0
1402,Static,,3,83,83,1.3833333333333333,0,3,300,50.0,75.0,0.05,0
1403,Static,,3,81,81,1.35,0,3,300,50.0,75.0,0.05,0
1404,Static,,3,80,80,1.3333333333333333,0,3,300,50.0,75.0,0.05,0
1405,Static,,3,93,93,1.55,0,3,300,50.0,75.0,0.05,0
1406,Static,,3,89,89,1.4833333333333334,0,3,300,50.0,75.0,0.05,0
1407,Static,,3,93,93,1.55,0,3,300,50.0,75.0,0.05,0
1408,Static,,3,86,86,1.4333333333333333,0,3,300,50.0,75.0,0.05,0
1409,Static,,3,92,92,1.5333333333333334,0,3,300,50.0,75.0,0.05,0
1410,Static,,3,83,83,1.3833333333333333,0,3,300,50.0,75.0,0.05,0
1411,Static,,3,109,109,1.8166666666666667,0,3,300,50.0,75.0,0.05,0
1412,Static,,3,71,71,1.1833333333333333,0,3,300,50.0,75.0,0.05,0
1413,Static,,3,100,100,1.6666666666666667,0,3,300,50.0,75.0,0.05,0
1414,Static,,3,101,101,1.6833333333333333,0,3,300,50.0,75.0,0.05,0
1415,Static,,3,79,79,1.3166666666666667,0,3,300,50.0,75.0,0.05,0
1416,Static,,3,110,110,1.8333333333333333,0,3,300,50.0,75.0,0.05,0
1417,Static,,3,98,98,1.6333333333333333,0,3,300,50.0,75.0,0.05,0
1418,Static,,3,98,98,1.6333333333333333,0,3,300,50.0,75.0,0.05,0
1419,Static,,3,89,89,1.4833333333333334,0,3,300,50.0,75.0,0.05,0
1420,Static,,3,86,86,1.4333333333333333,0,3,300,50.0,75.0,0.05,0
1421,Static,,3,87,87,1.45,0,3,300,50.0,75.0,0.05,0
1422,Static,,3,93,93,1.55,0,3,300,50.0,75.0,0.05,0
1423,Static,,3,103,103,1.7166666666666666,0,3,300,50.0,75.0,0.05,0
1424,Static,,3,91,91,1.5166666666666666,0,3,300,50.0,75.0,0.05,0
1425,Static,,3,80,80,1.3333333333333333,0,3,300,50.0,75.0,0.05,0
1426,Static,,3,98,98,1.6333333333333333,0,3,300,50.0,75.0,0.05,0
1427,Static,,3,99,99,1.65,0,3,300,50.0,75.0,0.05,0
1428,Static,,3,96,96,1.6,0,3,300,50.0,75.0,0.05,0
1429,Static,,3,98,98,1.6333333333333333,0,3,300,50.0,75.0,0.05,0
1430,Static,,3,88,88,1.4666666666666666,0,3,300,50.0,75.0,0.05,0
1431,Static,,3,81,81,1.35,0,3,300,50.0,75.0,0.05,0
1432,Static,,3,82,82,1.3666666666666667,0,3,300,50.0,75.0,0.05,0
1433,Static,,3,74,74,1.2333333333333334,0,3,300,50.0,75.0,0.05,0
1434,Static,,3,93,93,1.55,0,3,300,50.0,75.0,0.05,0
1435,Static,,3,90,90,1.5,0,3,300,50.0,75.0,0.05,0
1436,Static,,3,87,87,1.45,0,3,300,50.0,75.0,0.05,0
1437,Static,,3,62,62,1.0333333333333334,0,3,300,50.0,75.0,0.05,0
1438,Static,,3,79,79,1.3166666666666667,0,3,300,50.0,75.0,0.05,0
1439,Static,,3,103,103,1.7166666666666666,0,3,300,50.0,75.0,0.05,0
